ticket,order,time,time_msc,type,entry,magic,position_id,reason,volume,price,commission,swap,profit,fee,symbol,comment,external_id,outcome,formatted_type,Cumulative_Profit_Loss
51673498304,51705562953,2024-10-16 10:14:00,1729073640803,1,0,234000,51705562953,3,2.0,1.08815,0.0,0.0,0.0,0.0,EURUSD,Python script op,,no profit/loss,sell,0.0
51673498336,51705562986,2024-10-16 10:14:01,1729073641701,0,1,234000,51705562953,4,2.0,1.0882,0.0,0.0,-10.0,0.0,EURUSD,[sl 1.08820],,loss,buy,-10.0
51673499968,51705564632,2024-10-16 10:14:31,1729073671544,1,0,234000,51705564632,3,2.0,1.08809,0.0,0.0,0.0,0.0,EURUSD,Python script op,,no profit/loss,sell,-10.0
51673500235,51705564901,2024-10-16 10:14:34,1729073674438,0,1,234000,51705564632,4,2.0,1.08814,0.0,0.0,-10.0,0.0,EURUSD,[sl 1.08814],,loss,buy,-20.0
51673501982,51705566670,2024-10-16 10:15:02,1729073702687,1,0,234000,51705566670,3,2.0,1.08809,0.0,0.0,0.0,0.0,EURUSD,Python script op,,no profit/loss,sell,-20.0
51673501991,51705566680,2024-10-16 10:15:02,1729073702893,0,1,234000,51705566670,4,2.0,1.08814,0.0,0.0,-10.0,0.0,EURUSD,[sl 1.08814],,loss,buy,-30.0
51673504093,51705568806,2024-10-16 10:15:33,1729073733535,1,0,234000,51705568806,3,2.0,1.08806,0.0,0.0,0.0,0.0,EURUSD,Python script op,,no profit/loss,sell,-30.0
51673505803,51705570533,2024-10-16 10:16:03,1729073763761,0,1,234000,51705568806,3,2.0,1.08805,0.0,0.0,2.0,0.0,EURUSD,Python script cl,,profit,buy,-28.0
51673505845,51705570573,2024-10-16 10:16:04,1729073764378,1,0,234000,51705570573,3,2.0,1.088,0.0,0.0,0.0,0.0,EURUSD,Python script op,,no profit/loss,sell,-28.0
51673506642,51705571373,2024-10-16 10:16:16,1729073776185,0,1,234000,51705570573,4,2.0,1.08805,0.0,0.0,-10.0,0.0,EURUSD,[sl 1.08805],,loss,buy,-38.0
51673508536,51705573277,2024-10-16 10:16:35,1729073795024,1,0,234000,51705573277,3,2.0,1.08801,0.0,0.0,0.0,0.0,EURUSD,Python script op,,no profit/loss,sell,-38.0
51673508832,51705573577,2024-10-16 10:16:38,1729073798090,0,1,234000,51705573277,4,2.0,1.08806,0.0,0.0,-10.0,0.0,EURUSD,[sl 1.08806],,loss,buy,-48.0
51673510682,51705575437,2024-10-16 10:17:05,1729073825597,1,0,234000,51705575437,3,2.0,1.08808,0.0,0.0,0.0,0.0,EURUSD,Python script op,,no profit/loss,sell,-48.0
51673510708,51705575464,2024-10-16 10:17:06,1729073826233,0,1,234000,51705575437,4,2.0,1.08813,0.0,0.0,-10.0,0.0,EURUSD,[sl 1.08813],,loss,buy,-58.0
51673511989,51705576762,2024-10-16 10:17:36,1729073856227,1,0,234000,51705576762,3,2.0,1.08817,0.0,0.0,0.0,0.0,EURUSD,Python script op,,no profit/loss,sell,-58.0
51673513106,51705577821,2024-10-16 10:17:54,1729073874104,0,1,234000,51705576762,4,2.0,1.08822,0.0,0.0,-10.0,0.0,EURUSD,[sl 1.08822],,loss,buy,-68.0
51673513705,51705578430,2024-10-16 10:18:06,1729073886880,1,0,234000,51705578430,3,2.0,1.0882,0.0,0.0,0.0,0.0,EURUSD,Python script op,,no profit/loss,sell,-68.0
51673514184,51705578924,2024-10-16 10:18:20,1729073900320,0,1,234000,51705578430,4,2.0,1.08825,0.0,0.0,-10.0,0.0,EURUSD,[sl 1.08825],,loss,buy,-78.0
51673514966,51705579719,2024-10-16 10:18:37,1729073917443,1,0,234000,51705579719,3,2.0,1.08821,0.0,0.0,0.0,0.0,EURUSD,Python script op,,no profit/loss,sell,-78.0
51673515266,51705580020,2024-10-16 10:18:44,1729073924561,0,1,234000,51705579719,4,2.0,1.08826,0.0,0.0,-10.0,0.0,EURUSD,[sl 1.08826],,loss,buy,-88.0
51673516379,51705581133,2024-10-16 10:19:08,1729073948134,1,0,234000,51705581133,3,2.0,1.08821,0.0,0.0,0.0,0.0,EURUSD,Python script op,,no profit/loss,sell,-88.0
51673517645,51705582414,2024-10-16 10:19:27,1729073967301,0,1,234000,51705581133,4,2.0,1.08826,0.0,0.0,-10.0,0.0,EURUSD,[sl 1.08826],,loss,buy,-98.0
51673518154,51705582933,2024-10-16 10:19:38,1729073978924,1,0,234000,51705582933,3,2.0,1.08822,0.0,0.0,0.0,0.0,EURUSD,Python script op,,no profit/loss,sell,-98.0
51673518485,51705583265,2024-10-16 10:19:41,1729073981546,0,1,234000,51705582933,4,2.0,1.08827,0.0,0.0,-10.0,0.0,EURUSD,[sl 1.08827],,loss,buy,-108.0
51673519828,51705584594,2024-10-16 10:20:10,1729074010191,1,0,234000,51705584594,3,2.0,1.08837,0.0,0.0,0.0,0.0,EURUSD,Python script op,,no profit/loss,sell,-108.0
51673521547,51705586285,2024-10-16 10:20:40,1729074040335,0,1,234000,51705584594,3,2.0,1.08839,0.0,0.0,-4.0,0.0,EURUSD,Python script cl,,loss,buy,-112.0
51673521587,51705586321,2024-10-16 10:20:40,1729074040888,1,0,234000,51705586321,3,2.0,1.08835,0.0,0.0,0.0,0.0,EURUSD,Python script op,,no profit/loss,sell,-112.0
51673521701,51705586423,2024-10-16 10:20:42,1729074042517,0,1,234000,51705586321,4,2.0,1.0884,0.0,0.0,-10.0,0.0,EURUSD,[sl 1.08840],,loss,buy,-122.0
51673523584,51705588257,2024-10-16 10:21:12,1729074072715,1,0,234000,51705588257,3,2.0,1.08837,0.0,0.0,0.0,0.0,EURUSD,Python script op,,no profit/loss,sell,-122.0
51673525097,51705589771,2024-10-16 10:21:42,1729074102884,0,1,234000,51705588257,3,2.0,1.08834,0.0,0.0,6.0,0.0,EURUSD,Python script cl,,profit,buy,-116.0
51673525106,51705589780,2024-10-16 10:21:43,1729074103491,1,0,234000,51705589780,3,2.0,1.0883,0.0,0.0,0.0,0.0,EURUSD,Python script op,,no profit/loss,sell,-116.0
51673525111,51705589785,2024-10-16 10:21:43,1729074103785,0,1,234000,51705589780,4,2.0,1.08835,0.0,0.0,-10.0,0.0,EURUSD,[sl 1.08835],,loss,buy,-126.0
51673526338,51705591031,2024-10-16 10:22:14,1729074134383,1,0,234000,51705591031,3,2.0,1.08824,0.0,0.0,0.0,0.0,EURUSD,Python script op,,no profit/loss,sell,-126.0
51673526390,51705591083,2024-10-16 10:22:15,1729074135824,0,1,234000,51705591031,4,2.0,1.08829,0.0,0.0,-10.0,0.0,EURUSD,[sl 1.08829],,loss,buy,-136.0
51673527676,51705592377,2024-10-16 10:22:45,1729074165150,1,0,234000,51705592377,3,2.0,1.08827,0.0,0.0,0.0,0.0,EURUSD,Python script op,,no profit/loss,sell,-136.0
51673529380,51705594059,2024-10-16 10:23:15,1729074195295,0,1,234000,51705592377,3,2.0,1.08821,0.0,0.0,12.0,0.0,EURUSD,Python script cl,,profit,buy,-124.0
51673529445,51705594124,2024-10-16 10:23:15,1729074195887,1,0,234000,51705594124,3,2.0,1.08817,0.0,0.0,0.0,0.0,EURUSD,Python script op,,no profit/loss,sell,-124.0
51673532028,51705596582,2024-10-16 10:23:46,1729074226182,0,1,234000,51705594124,3,2.0,1.08817,0.0,0.0,0.0,0.0,EURUSD,Python script cl,,no profit/loss,buy,-124.0
51673532069,51705596625,2024-10-16 10:23:46,1729074226912,1,0,234000,51705596625,3,2.0,1.08813,0.0,0.0,0.0,0.0,EURUSD,Python script op,,no profit/loss,sell,-124.0
51673532266,51705596826,2024-10-16 10:23:50,1729074230357,0,1,234000,51705596625,4,2.0,1.08818,0.0,0.0,-10.0,0.0,EURUSD,[sl 1.08818],,loss,buy,-134.0
51673552770,51705617394,2024-10-16 10:29:25,1729074565017,0,0,234000,51705617394,3,2.0,1.08829,0.0,0.0,0.0,0.0,EURUSD,Python script op,,no profit/loss,buy,-134.0
51673552821,51705617448,2024-10-16 10:29:26,1729074566868,1,1,234000,51705617394,4,2.0,1.08824,0.0,0.0,-10.0,0.0,EURUSD,[sl 1.08824],,loss,sell,-144.0
51673553992,51705618631,2024-10-16 10:29:55,1729074595594,0,0,234000,51705618631,3,2.0,1.08834,0.0,0.0,0.0,0.0,EURUSD,Python script op,,no profit/loss,buy,-144.0
51673554190,51705618855,2024-10-16 10:30:00,1729074600784,1,1,234000,51705618631,4,2.0,1.08829,0.0,0.0,-10.0,0.0,EURUSD,[sl 1.08829],,loss,sell,-154.0
51673555259,51705619920,2024-10-16 10:30:26,1729074626219,0,0,234000,51705619920,3,2.0,1.08835,0.0,0.0,0.0,0.0,EURUSD,Python script op,,no profit/loss,buy,-154.0
51673555447,51705620109,2024-10-16 10:30:30,1729074630335,1,1,234000,51705619920,4,2.0,1.0883,0.0,0.0,-10.0,0.0,EURUSD,[sl 1.08830],,loss,sell,-164.0
51673556795,51705621467,2024-10-16 10:30:56,1729074656965,0,0,234000,51705621467,3,2.0,1.08832,0.0,0.0,0.0,0.0,EURUSD,Python script op,,no profit/loss,buy,-164.0
51673556853,51705621527,2024-10-16 10:30:59,1729074659864,1,1,234000,51705621467,4,2.0,1.08827,0.0,0.0,-10.0,0.0,EURUSD,[sl 1.08827],,loss,sell,-174.0
51673558105,51705622792,2024-10-16 10:31:27,1729074687700,0,0,234000,51705622792,3,2.0,1.08837,0.0,0.0,0.0,0.0,EURUSD,Python script op,,no profit/loss,buy,-174.0
51673558114,51705622801,2024-10-16 10:31:28,1729074688099,1,1,234000,51705622792,4,2.0,1.08832,0.0,0.0,-10.0,0.0,EURUSD,[sl 1.08832],,loss,sell,-184.0
51673559779,51705624472,2024-10-16 10:31:58,1729074718393,0,0,234000,51705624472,3,2.0,1.08829,0.0,0.0,0.0,0.0,EURUSD,Python script op,,no profit/loss,buy,-184.0
51673561386,51705626085,2024-10-16 10:32:29,1729074749330,1,1,234000,51705624472,3,2.0,1.0883,0.0,0.0,2.0,0.0,EURUSD,Python script cl,,profit,sell,-182.0
51673561424,51705626122,2024-10-16 10:32:30,1729074750005,0,0,234000,51705626122,3,2.0,1.08834,0.0,0.0,0.0,0.0,EURUSD,Python script op,,no profit/loss,buy,-182.0
51673561437,51705626135,2024-10-16 10:32:30,1729074750272,1,1,234000,51705626122,4,2.0,1.08829,0.0,0.0,-10.0,0.0,EURUSD,[sl 1.08829],,loss,sell,-192.0
51673563286,51705627952,2024-10-16 10:33:00,1729074780607,0,0,234000,51705627952,3,2.0,1.08834,0.0,0.0,0.0,0.0,EURUSD,Python script op,,no profit/loss,buy,-192.0
51673563634,51705628304,2024-10-16 10:33:07,1729074787624,1,1,234000,51705627952,4,2.0,1.08829,0.0,0.0,-10.0,0.0,EURUSD,[sl 1.08829],,loss,sell,-202.0
51673565308,51705629985,2024-10-16 10:33:31,1729074811177,0,0,234000,51705629985,3,2.0,1.08819,0.0,0.0,0.0,0.0,EURUSD,Python script op,,no profit/loss,buy,-202.0
51673566719,51705631398,2024-10-16 10:34:01,1729074841350,1,1,234000,51705629985,3,2.0,1.08825,0.0,0.0,12.0,0.0,EURUSD,Python script cl,,profit,sell,-190.0
51673566749,51705631428,2024-10-16 10:34:02,1729074842165,0,0,234000,51705631428,3,2.0,1.0883,0.0,0.0,0.0,0.0,EURUSD,Python script op,,no profit/loss,buy,-190.0
51673567165,51705631840,2024-10-16 10:34:09,1729074849617,1,1,234000,51705631428,4,2.0,1.08825,0.0,0.0,-10.0,0.0,EURUSD,[sl 1.08825],,loss,sell,-200.0
51673568365,51705633053,2024-10-16 10:34:32,1729074872801,0,0,234000,51705633053,3,2.0,1.08828,0.0,0.0,0.0,0.0,EURUSD,Python script op,,no profit/loss,buy,-200.0
51673568890,51705633587,2024-10-16 10:34:40,1729074880752,1,1,234000,51705633053,4,2.0,1.08823,0.0,0.0,-10.0,0.0,EURUSD,[sl 1.08823],,loss,sell,-210.0
51673569875,51705634578,2024-10-16 10:35:03,1729074903461,0,0,234000,51705634578,3,2.0,1.0882,0.0,0.0,0.0,0.0,EURUSD,Python script op,,no profit/loss,buy,-210.0
51673570100,51705634809,2024-10-16 10:35:08,1729074908161,1,1,234000,51705634578,4,2.0,1.08815,0.0,0.0,-10.0,0.0,EURUSD,[sl 1.08815],,loss,sell,-220.0
51673571101,51705635831,2024-10-16 10:35:34,1729074934186,0,0,234000,51705635831,3,2.0,1.08829,0.0,0.0,0.0,0.0,EURUSD,Python script op,,no profit/loss,buy,-220.0
51673571162,51705635894,2024-10-16 10:35:35,1729074935920,1,1,234000,51705635831,4,2.0,1.08824,0.0,0.0,-10.0,0.0,EURUSD,[sl 1.08824],,loss,sell,-230.0
51673572777,51705637492,2024-10-16 10:36:04,1729074964807,0,0,234000,51705637492,3,2.0,1.08835,0.0,0.0,0.0,0.0,EURUSD,Python script op,,no profit/loss,buy,-230.0
51673572787,51705637502,2024-10-16 10:36:05,1729074965131,1,1,234000,51705637492,4,2.0,1.0883,0.0,0.0,-10.0,0.0,EURUSD,[sl 1.08830],,loss,sell,-240.0
51673574237,51705638973,2024-10-16 10:36:35,1729074995423,0,0,234000,51705638973,3,2.0,1.08836,0.0,0.0,0.0,0.0,EURUSD,Python script op,,no profit/loss,buy,-240.0
51673574252,51705638988,2024-10-16 10:36:36,1729074996174,1,1,234000,51705638973,4,2.0,1.0883099999999999,0.0,0.0,-10.0,0.0,EURUSD,[sl 1.08831],,loss,sell,-250.0
51673575191,51705639938,2024-10-16 10:37:06,1729075026306,0,0,234000,51705639938,3,2.0,1.08821,0.0,0.0,0.0,0.0,EURUSD,Python script op,,no profit/loss,buy,-250.0
51673576335,51705641094,2024-10-16 10:37:36,1729075056642,1,1,234000,51705639938,3,2.0,1.0883,0.0,0.0,18.0,0.0,EURUSD,Python script cl,,profit,sell,-232.0
51673576365,51705641125,2024-10-16 10:37:37,1729075057263,0,0,234000,51705641125,3,2.0,1.08834,0.0,0.0,0.0,0.0,EURUSD,Python script op,,no profit/loss,buy,-232.0
51673576560,51705641319,2024-10-16 10:37:40,1729075060458,1,1,234000,51705641125,4,2.0,1.08829,0.0,0.0,-10.0,0.0,EURUSD,[sl 1.08829],,loss,sell,-242.0
51673577887,51705642658,2024-10-16 10:38:07,1729075087879,0,0,234000,51705642658,3,2.0,1.08843,0.0,0.0,0.0,0.0,EURUSD,Python script op,,no profit/loss,buy,-242.0
51673577942,51705642713,2024-10-16 10:38:08,1729075088657,1,1,234000,51705642658,4,2.0,1.08838,0.0,0.0,-10.0,0.0,EURUSD,[sl 1.08838],,loss,sell,-252.0
51673579175,51705643932,2024-10-16 10:38:38,1729075118602,0,0,234000,51705643932,3,2.0,1.08833,0.0,0.0,0.0,0.0,EURUSD,Python script op,,no profit/loss,buy,-252.0
51673579213,51705643968,2024-10-16 10:38:39,1729075119115,1,1,234000,51705643932,4,2.0,1.08828,0.0,0.0,-10.0,0.0,EURUSD,[sl 1.08828],,loss,sell,-262.0
51673580883,51705645648,2024-10-16 10:39:09,1729075149349,0,0,234000,51705645648,3,2.0,1.08821,0.0,0.0,0.0,0.0,EURUSD,Python script op,,no profit/loss,buy,-262.0
51673581231,51705646002,2024-10-16 10:39:15,1729075155958,1,1,234000,51705645648,4,2.0,1.08816,0.0,0.0,-10.0,0.0,EURUSD,[sl 1.08816],,loss,sell,-272.0
51673650693,51705715420,2024-10-16 11:01:13,1729076473612,1,0,234000,51705715420,3,2.0,1.0882,0.0,0.0,0.0,0.0,EURUSD,Python script op,,no profit/loss,sell,-272.0
51673650808,51705715543,2024-10-16 11:01:16,1729076476853,0,1,234000,51705715420,4,2.0,1.08825,0.0,0.0,-10.0,0.0,EURUSD,[sl 1.08825],,loss,buy,-282.0
51673651927,51705716678,2024-10-16 11:01:44,1729076504278,1,0,234000,51705716678,3,2.0,1.0882,0.0,0.0,0.0,0.0,EURUSD,Python script op,,no profit/loss,sell,-282.0
51673652084,51705716834,2024-10-16 11:01:47,1729076507807,0,1,234000,51705716678,4,2.0,1.08825,0.0,0.0,-10.0,0.0,EURUSD,[sl 1.08825],,loss,buy,-292.0
51673654004,51705718660,2024-10-16 11:02:15,1729076535685,1,0,234000,51705718660,3,2.0,1.0881,0.0,0.0,0.0,0.0,EURUSD,Python script op,,no profit/loss,sell,-292.0
51673654028,51705718683,2024-10-16 11:02:16,1729076536051,0,1,234000,51705718660,4,2.0,1.08815,0.0,0.0,-10.0,0.0,EURUSD,[sl 1.08815],,loss,buy,-302.0
51673655600,51705720235,2024-10-16 11:02:46,1729076566326,1,0,234000,51705720235,3,2.0,1.08815,0.0,0.0,0.0,0.0,EURUSD,Python script op,,no profit/loss,sell,-302.0
51673655638,51705720272,2024-10-16 11:02:47,1729076567199,0,1,234000,51705720235,4,2.0,1.0882,0.0,0.0,-10.0,0.0,EURUSD,[sl 1.08820],,loss,buy,-312.0
51673656904,51705721544,2024-10-16 11:03:17,1729076597086,1,0,234000,51705721544,3,2.0,1.08816,0.0,0.0,0.0,0.0,EURUSD,Python script op,,no profit/loss,sell,-312.0
51673657025,51705721669,2024-10-16 11:03:19,1729076599133,0,1,234000,51705721544,4,2.0,1.08821,0.0,0.0,-10.0,0.0,EURUSD,[sl 1.08821],,loss,buy,-322.0
51673658695,51705723333,2024-10-16 11:03:47,1729076627700,1,0,234000,51705723333,3,2.0,1.08809,0.0,0.0,0.0,0.0,EURUSD,Python script op,,no profit/loss,sell,-322.0
51673658855,51705723491,2024-10-16 11:03:49,1729076629267,0,1,234000,51705723333,4,2.0,1.08814,0.0,0.0,-10.0,0.0,EURUSD,[sl 1.08814],,loss,buy,-332.0
51673660596,51705725238,2024-10-16 11:04:18,1729076658283,1,0,234000,51705725238,3,2.0,1.08815,0.0,0.0,0.0,0.0,EURUSD,Python script op,,no profit/loss,sell,-332.0
51673661906,51705726575,2024-10-16 11:04:48,1729076688892,1,0,234000,51705726575,3,2.0,1.08811,0.0,0.0,0.0,0.0,EURUSD,Python script op,,no profit/loss,sell,-332.0
51673662077,51705726754,2024-10-16 11:04:53,1729076693934,0,1,234000,51705726575,4,2.0,1.08816,0.0,0.0,-10.0,0.0,EURUSD,[sl 1.08816],,loss,buy,-342.0
51673663104,51705727714,2024-10-16 11:05:06,1729076706949,0,1,234000,51705725238,4,2.0,1.0882,0.0,0.0,-10.0,0.0,EURUSD,[sl 1.08820],,loss,buy,-352.0
51673663701,51705728318,2024-10-16 11:05:19,1729076719539,1,0,234000,51705728318,3,2.0,1.08811,0.0,0.0,0.0,0.0,EURUSD,Python script op,,no profit/loss,sell,-352.0
51673665365,51705730076,2024-10-16 11:05:50,1729076750135,1,0,234000,51705730076,3,2.0,1.08806,0.0,0.0,0.0,0.0,EURUSD,Python script op,,no profit/loss,sell,-352.0
51673665623,51705730344,2024-10-16 11:05:53,1729076753097,0,1,234000,51705730076,4,2.0,1.08811,0.0,0.0,-10.0,0.0,EURUSD,[sl 1.08811],,loss,buy,-362.0
51673666781,51705731606,2024-10-16 11:06:20,1729076780707,1,0,234000,51705731606,3,2.0,1.08805,0.0,0.0,0.0,0.0,EURUSD,Python script op,,no profit/loss,sell,-362.0
51673666821,51705731642,2024-10-16 11:06:21,1729076781448,0,1,234000,51705731606,4,2.0,1.0881,0.0,0.0,-10.0,0.0,EURUSD,[sl 1.08810],,loss,buy,-372.0
51673668169,51705733014,2024-10-16 11:06:51,1729076811407,1,0,234000,51705733014,3,2.0,1.08809,0.0,0.0,0.0,0.0,EURUSD,Python script op,,no profit/loss,sell,-372.0
51673668177,51705733022,2024-10-16 11:06:51,1729076811659,0,1,234000,51705733014,4,2.0,1.08814,0.0,0.0,-10.0,0.0,EURUSD,[sl 1.08814],,loss,buy,-382.0
51673668952,51705733813,2024-10-16 11:07:14,1729076834890,0,1,234000,51705728318,4,2.0,1.08816,0.0,0.0,-10.0,0.0,EURUSD,[sl 1.08816],,loss,buy,-392.0
51673669247,51705734107,2024-10-16 11:07:22,1729076842052,1,0,234000,51705734107,3,2.0,1.08809,0.0,0.0,0.0,0.0,EURUSD,Python script op,,no profit/loss,sell,-392.0
51673669379,51705734239,2024-10-16 11:07:23,1729076843117,0,1,234000,51705734107,4,2.0,1.08814,0.0,0.0,-10.0,0.0,EURUSD,[sl 1.08814],,loss,buy,-402.0
51673670883,51705735682,2024-10-16 11:07:52,1729076872633,1,0,234000,51705735682,3,2.0,1.08813,0.0,0.0,0.0,0.0,EURUSD,Python script op,,no profit/loss,sell,-402.0
51673671217,51705736026,2024-10-16 11:08:00,1729076880278,0,1,234000,51705735682,4,2.0,1.08818,0.0,0.0,-10.0,0.0,EURUSD,[sl 1.08818],,loss,buy,-412.0
51673672761,51705737593,2024-10-16 11:08:23,1729076903226,1,0,234000,51705737593,3,2.0,1.08829,0.0,0.0,0.0,0.0,EURUSD,Python script op,,no profit/loss,sell,-412.0
51673672999,51705737835,2024-10-16 11:08:27,1729076907073,0,1,234000,51705737593,4,2.0,1.08834,0.0,0.0,-10.0,0.0,EURUSD,[sl 1.08834],,loss,buy,-422.0
51673674949,51705739789,2024-10-16 11:08:53,1729076933926,1,0,234000,51705739789,3,2.0,1.08829,0.0,0.0,0.0,0.0,EURUSD,Python script op,,no profit/loss,sell,-422.0
51673675049,51705739892,2024-10-16 11:08:56,1729076936111,0,1,234000,51705739789,4,2.0,1.08834,0.0,0.0,-10.0,0.0,EURUSD,[sl 1.08834],,loss,buy,-432.0
51673676959,51705741807,2024-10-16 11:09:24,1729076964594,1,0,234000,51705741807,3,2.0,1.08828,0.0,0.0,0.0,0.0,EURUSD,Python script op,,no profit/loss,sell,-432.0
51673676994,51705741843,2024-10-16 11:09:25,1729076965748,0,1,234000,51705741807,4,2.0,1.08833,0.0,0.0,-10.0,0.0,EURUSD,[sl 1.08833],,loss,buy,-442.0
51673678884,51705743733,2024-10-16 11:09:55,1729076995257,1,0,234000,51705743733,3,2.0,1.08825,0.0,0.0,0.0,0.0,EURUSD,Python script op,,no profit/loss,sell,-442.0
51673679105,51705743956,2024-10-16 11:10:00,1729077000508,0,1,234000,51705743733,4,2.0,1.0883,0.0,0.0,-10.0,0.0,EURUSD,[sl 1.08830],,loss,buy,-452.0
51673680151,51705745016,2024-10-16 11:10:25,1729077025835,1,0,234000,51705745016,3,2.0,1.08819,0.0,0.0,0.0,0.0,EURUSD,Python script op,,no profit/loss,sell,-452.0
51673680305,51705745171,2024-10-16 11:10:31,1729077031317,0,1,234000,51705745016,4,2.0,1.08824,0.0,0.0,-10.0,0.0,EURUSD,[sl 1.08824],,loss,buy,-462.0
51673681495,51705746374,2024-10-16 11:10:56,1729077056460,1,0,234000,51705746374,3,2.0,1.08828,0.0,0.0,0.0,0.0,EURUSD,Python script op,,no profit/loss,sell,-462.0
51673681670,51705746551,2024-10-16 11:11:00,1729077060651,0,1,234000,51705746374,4,2.0,1.08833,0.0,0.0,-10.0,0.0,EURUSD,[sl 1.08833],,loss,buy,-472.0
51673690474,51705755276,2024-10-16 11:14:29,1729077269508,0,0,234000,51705755276,3,2.0,1.08804,0.0,0.0,0.0,0.0,EURUSD,Python script op,,no profit/loss,buy,-472.0
51673690681,51705755466,2024-10-16 11:14:33,1729077273176,1,1,234000,51705755276,4,2.0,1.08799,0.0,0.0,-10.0,0.0,EURUSD,[sl 1.08799],,loss,sell,-482.0
51673692450,51705757058,2024-10-16 11:15:00,1729077300195,0,0,234000,51705757058,3,2.0,1.08796,0.0,0.0,0.0,0.0,EURUSD,Python script op,,no profit/loss,buy,-482.0
51673692544,51705757159,2024-10-16 11:15:01,1729077301193,1,1,234000,51705757058,4,2.0,1.08791,0.0,0.0,-10.0,0.0,EURUSD,[sl 1.08791],,loss,sell,-492.0
51673693955,51705758581,2024-10-16 11:15:30,1729077330872,0,0,234000,51705758581,3,2.0,1.08795,0.0,0.0,0.0,0.0,EURUSD,Python script op,,no profit/loss,buy,-492.0
51673694018,51705758646,2024-10-16 11:15:32,1729077332637,1,1,234000,51705758581,4,2.0,1.0879,0.0,0.0,-10.0,0.0,EURUSD,[sl 1.08790],,loss,sell,-502.0
51673695256,51705759891,2024-10-16 11:16:01,1729077361626,0,0,234000,51705759891,3,2.0,1.08798,0.0,0.0,0.0,0.0,EURUSD,Python script op,,no profit/loss,buy,-502.0
51673695296,51705759929,2024-10-16 11:16:02,1729077362782,1,1,234000,51705759891,4,2.0,1.08793,0.0,0.0,-10.0,0.0,EURUSD,[sl 1.08793],,loss,sell,-512.0
51673696958,51705761616,2024-10-16 11:16:32,1729077392286,0,0,234000,51705761616,3,2.0,1.08791,0.0,0.0,0.0,0.0,EURUSD,Python script op,,no profit/loss,buy,-512.0
51673696976,51705761634,2024-10-16 11:16:32,1729077392538,1,1,234000,51705761616,4,2.0,1.08786,0.0,0.0,-10.0,0.0,EURUSD,[sl 1.08786],,loss,sell,-522.0
51673698309,51705762990,2024-10-16 11:17:03,1729077423711,0,0,234000,51705762990,3,2.0,1.08791,0.0,0.0,0.0,0.0,EURUSD,Python script op,,no profit/loss,buy,-522.0
51673698337,51705763018,2024-10-16 11:17:04,1729077424832,1,1,234000,51705762990,4,2.0,1.08786,0.0,0.0,-10.0,0.0,EURUSD,[sl 1.08786],,loss,sell,-532.0
51673699319,51705764004,2024-10-16 11:17:34,1729077454962,0,0,234000,51705764004,3,2.0,1.08794,0.0,0.0,0.0,0.0,EURUSD,Python script op,,no profit/loss,buy,-532.0
51673699377,51705764064,2024-10-16 11:17:36,1729077456760,1,1,234000,51705764004,4,2.0,1.08789,0.0,0.0,-10.0,0.0,EURUSD,[sl 1.08789],,loss,sell,-542.0
51673700876,51705765536,2024-10-16 11:18:06,1729077486457,0,0,234000,51705765536,3,2.0,1.08799,0.0,0.0,0.0,0.0,EURUSD,Python script op,,no profit/loss,buy,-542.0
51673702094,51705766765,2024-10-16 11:18:27,1729077507014,1,1,234000,51705765536,4,2.0,1.08794,0.0,0.0,-10.0,0.0,EURUSD,[sl 1.08794],,loss,sell,-552.0
51673702537,51705767203,2024-10-16 11:18:37,1729077517254,0,0,234000,51705767203,3,2.0,1.08799,0.0,0.0,0.0,0.0,EURUSD,Python script op,,no profit/loss,buy,-552.0
51673702829,51705767498,2024-10-16 11:18:44,1729077524651,1,1,234000,51705767203,4,2.0,1.08794,0.0,0.0,-10.0,0.0,EURUSD,[sl 1.08794],,loss,sell,-562.0
51673703711,51705768392,2024-10-16 11:19:07,1729077547896,0,0,234000,51705768392,3,2.0,1.08799,0.0,0.0,0.0,0.0,EURUSD,Python script op,,no profit/loss,buy,-562.0
51673703759,51705768444,2024-10-16 11:19:10,1729077550169,1,1,234000,51705768392,4,2.0,1.08794,0.0,0.0,-10.0,0.0,EURUSD,[sl 1.08794],,loss,sell,-572.0
51673704570,51705769271,2024-10-16 11:19:38,1729077578509,0,0,234000,51705769271,3,2.0,1.08799,0.0,0.0,0.0,0.0,EURUSD,Python script op,,no profit/loss,buy,-572.0
51673704919,51705769617,2024-10-16 11:19:47,1729077587122,1,1,234000,51705769271,4,2.0,1.08794,0.0,0.0,-10.0,0.0,EURUSD,[sl 1.08794],,loss,sell,-582.0
51673705564,51705770268,2024-10-16 11:20:09,1729077609745,0,0,234000,51705770268,3,2.0,1.0879,0.0,0.0,0.0,0.0,EURUSD,Python script op,,no profit/loss,buy,-582.0
51673705734,51705770438,2024-10-16 11:20:15,1729077615353,1,1,234000,51705770268,4,2.0,1.08785,0.0,0.0,-10.0,0.0,EURUSD,[sl 1.08785],,loss,sell,-592.0
51673706991,51705771698,2024-10-16 11:20:40,1729077640372,0,0,234000,51705771698,3,2.0,1.0878700000000001,0.0,0.0,0.0,0.0,EURUSD,Python script op,,no profit/loss,buy,-592.0
51673708397,51705773078,2024-10-16 11:21:10,1729077670979,0,0,234000,51705773078,3,2.0,1.08789,0.0,0.0,0.0,0.0,EURUSD,Python script op,,no profit/loss,buy,-592.0
51673708614,51705773294,2024-10-16 11:21:13,1729077673915,1,1,234000,51705773078,4,2.0,1.08784,0.0,0.0,-10.0,0.0,EURUSD,[sl 1.08784],,loss,sell,-602.0
51673710208,51705774899,2024-10-16 11:21:41,1729077701599,0,0,234000,51705774899,3,2.0,1.08789,0.0,0.0,0.0,0.0,EURUSD,Python script op,,no profit/loss,buy,-602.0
51673711645,51705776341,2024-10-16 11:22:12,1729077732186,0,0,234000,51705776341,3,2.0,1.08804,0.0,0.0,0.0,0.0,EURUSD,Python script op,,no profit/loss,buy,-602.0
51673711764,51705776461,2024-10-16 11:22:14,1729077734785,1,1,234000,51705776341,4,2.0,1.08799,0.0,0.0,-10.0,0.0,EURUSD,[sl 1.08799],,loss,sell,-612.0
51673712751,51705777449,2024-10-16 11:22:42,1729077762775,0,0,234000,51705777449,3,2.0,1.08805,0.0,0.0,0.0,0.0,EURUSD,Python script op,,no profit/loss,buy,-612.0
51673713002,51705777702,2024-10-16 11:22:51,1729077771939,1,1,234000,51705771698,5,2.0,1.08807,0.0,0.0,40.0,0.0,EURUSD,[tp 1.08807],,profit,sell,-572.0
51673713504,51705778205,2024-10-16 11:23:05,1729077785634,1,1,234000,51705777449,4,2.0,1.088,0.0,0.0,-10.0,0.0,EURUSD,[sl 1.08800],,loss,sell,-582.0
51673713829,51705778528,2024-10-16 11:23:13,1729077793420,0,0,234000,51705778528,3,2.0,1.08805,0.0,0.0,0.0,0.0,EURUSD,Python script op,,no profit/loss,buy,-582.0
51673714154,51705778858,2024-10-16 11:23:19,1729077799754,1,1,234000,51705778528,4,2.0,1.088,0.0,0.0,-10.0,0.0,EURUSD,[sl 1.08800],,loss,sell,-592.0
51673714312,51705779016,2024-10-16 11:23:25,1729077805462,1,1,234000,51705774899,5,2.0,1.08809,0.0,0.0,40.0,0.0,EURUSD,[tp 1.08809],,profit,sell,-552.0
51673715143,51705779828,2024-10-16 11:23:44,1729077824034,0,0,234000,51705779828,3,2.0,1.08816,0.0,0.0,0.0,0.0,EURUSD,Python script op,,no profit/loss,buy,-552.0
51673715196,51705779880,2024-10-16 11:23:45,1729077825188,1,1,234000,51705779828,4,2.0,1.08811,0.0,0.0,-10.0,0.0,EURUSD,[sl 1.08811],,loss,sell,-562.0
51673716685,51705781375,2024-10-16 11:24:14,1729077854801,0,0,234000,51705781375,3,2.0,1.08817,0.0,0.0,0.0,0.0,EURUSD,Python script op,,no profit/loss,buy,-562.0
51673716759,51705781451,2024-10-16 11:24:15,1729077855816,1,1,234000,51705781375,4,2.0,1.08812,0.0,0.0,-10.0,0.0,EURUSD,[sl 1.08812],,loss,sell,-572.0
51673944229,51706006792,2024-10-16 12:14:43,1729080883093,0,0,234000,51706006792,3,1.0,1.08915,0.0,0.0,0.0,0.0,EURUSD,Python script op,,no profit/loss,buy,-572.0
51673944323,51706006888,2024-10-16 12:14:44,1729080884734,1,1,234000,51706006792,4,1.0,1.0891,0.0,0.0,-5.0,0.0,EURUSD,[sl 1.08910],,loss,sell,-577.0
51673948394,51706011000,2024-10-16 12:15:43,1729080943746,0,0,234000,51706011000,3,1.0,1.0890900000000001,0.0,0.0,0.0,0.0,EURUSD,Python script op,,no profit/loss,buy,-577.0
51673948624,51706011235,2024-10-16 12:15:49,1729080949425,1,1,234000,51706011000,4,1.0,1.08904,0.0,0.0,-5.0,0.0,EURUSD,[sl 1.08904],,loss,sell,-582.0
51673952185,51706014788,2024-10-16 12:16:44,1729081004488,0,0,234000,51706014788,3,1.0,1.08924,0.0,0.0,0.0,0.0,EURUSD,Python script op,,no profit/loss,buy,-582.0
51673952224,51706014828,2024-10-16 12:16:45,1729081005359,1,1,234000,51706014788,4,1.0,1.08919,0.0,0.0,-5.0,0.0,EURUSD,[sl 1.08919],,loss,sell,-587.0
51673956448,51706019014,2024-10-16 12:17:45,1729081065190,1,0,234000,51706019014,3,1.0,1.08952,0.0,0.0,0.0,0.0,EURUSD,Python script op,,no profit/loss,sell,-587.0
51673956618,51706019188,2024-10-16 12:17:47,1729081067747,0,1,234000,51706019014,4,1.0,1.08957,0.0,0.0,-5.0,0.0,EURUSD,[sl 1.08957],,loss,buy,-592.0
51673960086,51706022701,2024-10-16 12:18:45,1729081125832,1,0,234000,51706022701,3,1.0,1.08933,0.0,0.0,0.0,0.0,EURUSD,Python script op,,no profit/loss,sell,-592.0
51673960157,51706022772,2024-10-16 12:18:46,1729081126611,0,1,234000,51706022701,4,1.0,1.08938,0.0,0.0,-5.0,0.0,EURUSD,[sl 1.08938],,loss,buy,-597.0
51673964114,51706026785,2024-10-16 12:19:46,1729081186509,0,0,234000,51706026785,3,1.0,1.08939,0.0,0.0,0.0,0.0,EURUSD,Python script op,,no profit/loss,buy,-597.0
51673964145,51706026817,2024-10-16 12:19:47,1729081187296,1,1,234000,51706026785,4,1.0,1.08934,0.0,0.0,-5.0,0.0,EURUSD,[sl 1.08934],,loss,sell,-602.0
51673967680,51706030352,2024-10-16 12:20:47,1729081247849,1,0,234000,51706030352,3,1.0,1.08925,0.0,0.0,0.0,0.0,EURUSD,Python script op,,no profit/loss,sell,-602.0
51673967831,51706030498,2024-10-16 12:20:50,1729081250484,0,1,234000,51706030352,4,1.0,1.0893,0.0,0.0,-5.0,0.0,EURUSD,[sl 1.08930],,loss,buy,-607.0
51673970763,51706033430,2024-10-16 12:21:48,1729081308496,1,0,234000,51706033430,3,1.0,1.0893,0.0,0.0,0.0,0.0,EURUSD,Python script op,,no profit/loss,sell,-607.0
51673970822,51706033490,2024-10-16 12:21:49,1729081309823,0,1,234000,51706033430,4,1.0,1.08935,0.0,0.0,-5.0,0.0,EURUSD,[sl 1.08935],,loss,buy,-612.0
51673973744,51706036396,2024-10-16 12:22:49,1729081369960,0,0,234000,51706036396,3,1.0,1.08941,0.0,0.0,0.0,0.0,EURUSD,Python script op,,no profit/loss,buy,-612.0
51673973876,51706036529,2024-10-16 12:22:53,1729081373608,1,1,234000,51706036396,4,1.0,1.08936,0.0,0.0,-5.0,0.0,EURUSD,[sl 1.08936],,loss,sell,-617.0
51673976536,51706039244,2024-10-16 12:23:50,1729081430577,0,0,234000,51706039244,3,1.0,1.08938,0.0,0.0,0.0,0.0,EURUSD,Python script op,,no profit/loss,buy,-617.0
51673976661,51706039368,2024-10-16 12:23:54,1729081434252,1,1,234000,51706039244,4,1.0,1.08933,0.0,0.0,-5.0,0.0,EURUSD,[sl 1.08933],,loss,sell,-622.0
51674020728,51706083432,2024-10-16 12:37:05,1729082225112,0,0,234000,51706083432,3,0.1,1.08957,0.0,0.0,0.0,0.0,EURUSD,Automated trade,,no profit/loss,buy,-622.0
51674025140,51706087816,2024-10-16 12:38:05,1729082285495,1,0,234000,51706087816,3,0.1,1.08959,0.0,0.0,0.0,0.0,EURUSD,Automated trade,,no profit/loss,sell,-622.0
51674028644,51706091325,2024-10-16 12:39:05,1729082345897,0,0,234000,51706091325,3,0.1,1.08963,0.0,0.0,0.0,0.0,EURUSD,Automated trade,,no profit/loss,buy,-622.0
51674032773,51706095436,2024-10-16 12:40:06,1729082406578,1,0,234000,51706095436,3,0.1,1.08955,0.0,0.0,0.0,0.0,EURUSD,Automated trade,,no profit/loss,sell,-622.0
51674036755,51706099389,2024-10-16 12:41:06,1729082466985,0,0,234000,51706099389,3,0.1,1.08941,0.0,0.0,0.0,0.0,EURUSD,Automated trade,,no profit/loss,buy,-622.0
51674038993,51706101614,2024-10-16 12:41:48,1729082508867,1,1,0,51706099389,0,0.1,1.08928,0.0,0.0,-1.3,0.0,EURUSD,,,loss,sell,-623.3
51674039357,51706101986,2024-10-16 12:41:56,1729082516472,1,1,0,51706091325,0,0.1,1.08927,0.0,0.0,-3.6,0.0,EURUSD,,,loss,sell,-626.9
51674039453,51706102084,2024-10-16 12:41:58,1729082518943,1,1,0,51706083432,0,0.1,1.08926,0.0,0.0,-3.1,0.0,EURUSD,,,loss,sell,-630.0
51674039921,51706102556,2024-10-16 12:42:07,1729082527330,0,0,234000,51706102556,3,0.1,1.08927,0.0,0.0,0.0,0.0,EURUSD,Automated trade,,no profit/loss,buy,-630.0
51674041266,51706103918,2024-10-16 12:42:37,1729082557204,0,1,0,51706095436,0,0.1,1.08933,0.0,0.0,2.2,0.0,EURUSD,,,profit,buy,-627.8
51674041274,51706103926,2024-10-16 12:42:37,1729082557629,0,1,0,51706087816,0,0.1,1.08933,0.0,0.0,2.6,0.0,EURUSD,,,profit,buy,-625.1999999999999
51674041335,51706103990,2024-10-16 12:42:39,1729082559316,1,1,0,51706102556,0,0.1,1.08928,0.0,0.0,0.1,0.0,EURUSD,,,profit,sell,-625.0999999999999
51674041466,51706104128,2024-10-16 12:42:41,1729082561046,1,1,0,51686213531,0,2.0,1.08928,0.0,-9.8,-1382.0,0.0,EURUSD,,,loss,sell,-2007.1
51674041552,51706104214,2024-10-16 12:42:42,1729082562501,1,1,0,51686200520,0,2.0,1.08928,0.0,-9.8,-1416.0,0.0,EURUSD,,,loss,sell,-3423.1
51674041657,51706104319,2024-10-16 12:42:44,1729082564125,1,1,0,51686198577,0,2.0,1.0893,0.0,-9.8,-1422.0,0.0,EURUSD,,,loss,sell,-4845.1
51674041740,51706104400,2024-10-16 12:42:45,1729082565422,1,1,0,51685092961,0,2.0,1.0893,0.0,-9.8,-1570.0,0.0,EURUSD,,,loss,sell,-6415.1
51674041913,51706104561,2024-10-16 12:42:47,1729082567059,1,1,0,51685074180,0,2.0,1.0893,0.0,-9.8,-1582.0,0.0,EURUSD,,,loss,sell,-7997.1
51674083357,51706145646,2024-10-16 12:50:38,1729083038408,1,0,234000,51706145646,3,0.1,1.08942,0.0,0.0,0.0,0.0,EURUSD,Automated trade,,no profit/loss,sell,-7997.1
51674088861,51706151159,2024-10-16 12:51:38,1729083098719,1,0,234000,51706151159,3,0.1,1.08946,0.0,0.0,0.0,0.0,EURUSD,Automated trade,,no profit/loss,sell,-7997.1
51674089471,51706151779,2024-10-16 12:51:47,1729083107682,0,1,0,51706145646,0,0.1,1.08949,0.0,0.0,-0.7,0.0,EURUSD,,,loss,buy,-7997.8
51674093394,51706155742,2024-10-16 12:52:39,1729083159893,1,0,234000,51706155742,3,0.1,1.08945,0.0,0.0,0.0,0.0,EURUSD,Automated trade,,no profit/loss,sell,-7997.8
51674098130,51706160520,2024-10-16 12:53:40,1729083220206,1,0,234000,51706160520,3,0.1,1.08941,0.0,0.0,0.0,0.0,EURUSD,Automated trade,,no profit/loss,sell,-7997.8
51674100312,51706162679,2024-10-16 12:54:08,1729083248275,0,1,0,51706160520,0,0.1,1.08954,0.0,0.0,-1.3,0.0,EURUSD,,,loss,buy,-7999.1
51674100556,51706162924,2024-10-16 12:54:11,1729083251432,0,1,0,51706155742,0,0.1,1.0895,0.0,0.0,-0.5,0.0,EURUSD,,,loss,buy,-7999.6
51674100732,51706163101,2024-10-16 12:54:13,1729083253447,0,1,0,51706151159,0,0.1,1.08949,0.0,0.0,-0.3,0.0,EURUSD,,,loss,buy,-7999.900000000001
51674102436,51706164938,2024-10-16 12:54:40,1729083280465,1,0,234000,51706164938,3,0.1,1.08939,0.0,0.0,0.0,0.0,EURUSD,Automated trade,,no profit/loss,sell,-7999.900000000001
51674106228,51706168755,2024-10-16 12:55:40,1729083340735,0,0,234000,51706168755,3,0.1,1.08956,0.0,0.0,0.0,0.0,EURUSD,Automated trade,,no profit/loss,buy,-7999.900000000001
51674109970,51706172565,2024-10-16 12:56:52,1729083412012,1,1,0,51706168755,0,0.1,1.08951,0.0,0.0,-0.5,0.0,EURUSD,,,loss,sell,-8000.400000000001
51674110060,51706172655,2024-10-16 12:56:54,1729083414171,0,1,0,51706164938,0,0.1,1.08961,0.0,0.0,-2.2,0.0,EURUSD,,,loss,buy,-8002.6
51674111126,51706173734,2024-10-16 12:57:13,1729083433095,1,0,234000,51706173734,3,0.1,1.08954,0.0,0.0,0.0,0.0,EURUSD,Automated trade,,no profit/loss,sell,-8002.6
51674114351,51706176958,2024-10-16 12:58:09,1729083489749,0,1,0,51706173734,0,0.1,1.0895299999999999,0.0,0.0,0.1,0.0,EURUSD,,,profit,buy,-8002.5
51674119443,51706182016,2024-10-16 12:59:24,1729083564062,0,0,234000,51706182016,3,0.1,1.08951,0.0,0.0,0.0,0.0,EURUSD,Automated trade,,no profit/loss,buy,-8002.5
51674123944,51706186595,2024-10-16 13:00:24,1729083624347,0,0,234000,51706186595,3,0.1,1.0894,0.0,0.0,0.0,0.0,EURUSD,Automated trade,,no profit/loss,buy,-8002.5
51674133457,51706196122,2024-10-16 13:02:24,1729083744814,1,0,234000,51706196122,3,0.1,1.08946,0.0,0.0,0.0,0.0,EURUSD,Automated trade,,no profit/loss,sell,-8002.5
51674133910,51706196578,2024-10-16 13:02:30,1729083750446,1,1,0,51706186595,0,0.1,1.08942,0.0,0.0,0.2,0.0,EURUSD,,,profit,sell,-8002.3
51674134614,51706197298,2024-10-16 13:02:42,1729083762173,0,1,0,51706196122,0,0.1,1.08944,0.0,0.0,0.2,0.0,EURUSD,,,profit,buy,-8002.1
51674137366,51706200053,2024-10-16 13:03:25,1729083805051,0,0,234000,51706200053,3,0.1,1.08952,0.0,0.0,0.0,0.0,EURUSD,Automated trade,,no profit/loss,buy,-8002.1
51674141458,51706204188,2024-10-16 13:04:25,1729083865289,1,0,234000,51706204188,3,0.1,1.08949,0.0,0.0,0.0,0.0,EURUSD,Automated trade,,no profit/loss,sell,-8002.1
51674144701,51706207452,2024-10-16 13:05:25,1729083925590,0,0,234000,51706207452,3,0.1,1.0895299999999999,0.0,0.0,0.0,0.0,EURUSD,Automated trade,,no profit/loss,buy,-8002.1
51674145476,51706208234,2024-10-16 13:05:40,1729083940788,0,1,0,51706204188,0,0.1,1.08944,0.0,0.0,0.5,0.0,EURUSD,,,profit,buy,-8001.6
51674147743,51706210537,2024-10-16 13:06:25,1729083985853,1,0,234000,51706210537,3,0.1,1.08938,0.0,0.0,0.0,0.0,EURUSD,Automated trade,,no profit/loss,sell,-8001.6
51674150023,51706212789,2024-10-16 13:07:05,1729084025148,0,1,0,51706210537,0,0.1,1.08933,0.0,0.0,0.5,0.0,EURUSD,,,profit,buy,-8001.1
51674152043,51706214804,2024-10-16 13:07:26,1729084046082,0,0,234000,51706214804,3,0.1,1.08933,0.0,0.0,0.0,0.0,EURUSD,Automated trade,,no profit/loss,buy,-8001.1
51674156090,51706218879,2024-10-16 13:08:26,1729084106296,1,0,234000,51706218879,3,0.1,1.08925,0.0,0.0,0.0,0.0,EURUSD,Automated trade,,no profit/loss,sell,-8001.1
51674156337,51706219129,2024-10-16 13:08:29,1729084109846,1,1,0,51706182016,0,0.1,1.08925,0.0,0.0,-2.6,0.0,EURUSD,,,loss,sell,-8003.700000000001
51674156420,51706219212,2024-10-16 13:08:31,1729084111070,1,1,0,51706200053,0,0.1,1.08925,0.0,0.0,-2.7,0.0,EURUSD,,,loss,sell,-8006.400000000001
51674156517,51706219306,2024-10-16 13:08:32,1729084112649,1,1,0,51706207452,0,0.1,1.08923,0.0,0.0,-3.0,0.0,EURUSD,,,loss,sell,-8009.400000000001
51674159461,51706222247,2024-10-16 13:09:26,1729084166546,0,0,234000,51706222247,3,0.1,1.08928,0.0,0.0,0.0,0.0,EURUSD,Automated trade,,no profit/loss,buy,-8009.400000000001
51674164860,51706227460,2024-10-16 13:10:26,1729084226776,1,0,234000,51706227460,3,0.1,1.08926,0.0,0.0,0.0,0.0,EURUSD,Automated trade,,no profit/loss,sell,-8009.400000000001
51674165816,51706228412,2024-10-16 13:10:37,1729084237727,1,1,0,51706222247,0,0.1,1.08929,0.0,0.0,0.1,0.0,EURUSD,,,profit,sell,-8009.3
51674167036,51706229627,2024-10-16 13:10:50,1729084250271,1,1,0,51706214804,0,0.1,1.08935,0.0,0.0,0.2,0.0,EURUSD,,,profit,sell,-8009.1
51674169379,51706232035,2024-10-16 13:11:27,1729084287027,0,0,234000,51706232035,3,0.1,1.08934,0.0,0.0,0.0,0.0,EURUSD,Automated trade,,no profit/loss,buy,-8009.1
51674172938,51706235610,2024-10-16 13:12:27,1729084347428,0,0,234000,51706235610,3,0.1,1.08932,0.0,0.0,0.0,0.0,EURUSD,Automated trade,,no profit/loss,buy,-8009.1
51674177892,51706240484,2024-10-16 13:13:27,1729084407682,1,0,234000,51706240484,3,0.1,1.08937,0.0,0.0,0.0,0.0,EURUSD,Automated trade,,no profit/loss,sell,-8009.1
51674179423,51706242028,2024-10-16 13:13:50,1729084430046,0,1,0,51706240484,0,0.1,1.08932,0.0,0.0,0.5,0.0,EURUSD,,,profit,buy,-8008.6
51674184859,51706247515,2024-10-16 13:15:28,1729084528710,0,0,234000,51706247515,3,0.1,1.08926,0.0,0.0,0.0,0.0,EURUSD,Automated trade,,no profit/loss,buy,-8008.6
51674184885,51706247546,2024-10-16 13:15:29,1729084529364,0,1,0,51706227460,0,0.1,1.08926,0.0,0.0,0.0,0.0,EURUSD,,,no profit/loss,buy,-8008.6
51674186503,51706249173,2024-10-16 13:16:03,1729084563190,1,1,0,51706247515,0,0.1,1.08927,0.0,0.0,0.1,0.0,EURUSD,,,profit,sell,-8008.5
51674187679,51706250354,2024-10-16 13:16:29,1729084589132,1,0,234000,51706250354,3,0.1,1.08929,0.0,0.0,0.0,0.0,EURUSD,Automated trade,,no profit/loss,sell,-8008.5
51674191606,51706254290,2024-10-16 13:17:27,1729084647921,0,1,0,51706218879,0,0.1,1.08928,0.0,0.0,-0.3,0.0,EURUSD,,,loss,buy,-8008.8
51674191724,51706254409,2024-10-16 13:17:29,1729084649456,0,0,234000,51706254409,3,0.1,1.08928,0.0,0.0,0.0,0.0,EURUSD,Automated trade,,no profit/loss,buy,-8008.8
51674192454,51706255140,2024-10-16 13:17:39,1729084659392,0,1,0,51706250354,0,0.1,1.08926,0.0,0.0,0.3,0.0,EURUSD,,,profit,buy,-8008.5
51674195622,51706258329,2024-10-16 13:18:29,1729084709789,0,0,234000,51706258329,3,0.1,1.08926,0.0,0.0,0.0,0.0,EURUSD,Automated trade,,no profit/loss,buy,-8008.5
51674201136,51706263763,2024-10-16 13:19:30,1729084770129,0,0,234000,51706263763,3,0.1,1.08918,0.0,0.0,0.0,0.0,EURUSD,Automated trade,,no profit/loss,buy,-8008.5
51674203640,51706266271,2024-10-16 13:20:04,1729084804804,1,1,0,51706263763,0,0.1,1.08921,0.0,0.0,0.3,0.0,EURUSD,,,profit,sell,-8008.2
51674204606,51706267244,2024-10-16 13:20:20,1729084820879,1,1,0,51706258329,0,0.1,1.08927,0.0,0.0,0.1,0.0,EURUSD,,,profit,sell,-8008.099999999999
51674205086,51706267726,2024-10-16 13:20:29,1729084829760,1,1,0,51706254409,0,0.1,1.08929,0.0,0.0,0.1,0.0,EURUSD,,,profit,sell,-8007.999999999999
51674205099,51706267738,2024-10-16 13:20:30,1729084830545,1,0,234000,51706267738,3,0.1,1.08929,0.0,0.0,0.0,0.0,EURUSD,Automated trade,,no profit/loss,sell,-8007.999999999999
51674205936,51706268581,2024-10-16 13:20:44,1729084844974,0,1,0,51706267738,0,0.1,1.08928,0.0,0.0,0.1,0.0,EURUSD,,,profit,buy,-8007.899999999999
51674209889,51706272478,2024-10-16 13:21:30,1729084890885,0,0,234000,51706272478,3,0.1,1.08935,0.0,0.0,0.0,0.0,EURUSD,Automated trade,,no profit/loss,buy,-8007.899999999999
51674211191,51706273781,2024-10-16 13:21:48,1729084908203,1,1,0,51706235610,0,0.1,1.08936,0.0,0.0,0.4,0.0,EURUSD,,,profit,sell,-8007.499999999999
51674211275,51706273869,2024-10-16 13:21:49,1729084909734,1,1,0,51706272478,0,0.1,1.08935,0.0,0.0,0.0,0.0,EURUSD,,,no profit/loss,sell,-8007.499999999999
51674211350,51706273942,2024-10-16 13:21:50,1729084910973,1,1,0,51706232035,0,0.1,1.08935,0.0,0.0,0.1,0.0,EURUSD,,,profit,sell,-8007.399999999999
51674338685,51706401304,2024-10-16 13:53:21,1729086801299,1,0,234000,51706401304,3,0.1,1.08906,0.0,0.0,0.0,0.0,EURUSD,Automated trade,,no profit/loss,sell,-8007.399999999999
51674344968,51706407634,2024-10-16 13:55:34,1729086934782,0,1,0,51706401304,0,0.1,1.08911,0.0,0.0,-0.5,0.0,EURUSD,,,loss,buy,-8007.899999999999
51674366175,51706428868,2024-10-16 14:02:49,1729087369908,1,0,234000,51706428868,3,0.1,1.08885,0.0,0.0,0.0,0.0,EURUSD,Automated trade,,no profit/loss,sell,-8007.899999999999
51674368017,51706430743,2024-10-16 14:03:24,1729087404586,0,1,0,51706428868,0,0.1,1.08884,0.0,0.0,0.1,0.0,EURUSD,,,profit,buy,-8007.799999999998
51674375211,51706437685,2024-10-16 14:04:59,1729087499503,0,0,234000,51706437685,3,1.0,1.08873,0.0,0.0,0.0,0.0,EURUSD,Automated trade,,no profit/loss,buy,-8007.799999999998
51674379479,51706441905,2024-10-16 14:05:49,1729087549188,1,1,0,51706437685,0,1.0,1.08873,0.0,0.0,0.0,0.0,EURUSD,,,no profit/loss,sell,-8007.799999999998
51674384533,51706446970,2024-10-16 14:06:59,1729087619261,0,0,234000,51706446970,3,1.0,1.08888,0.0,0.0,0.0,0.0,EURUSD,Automated trade,,no profit/loss,buy,-8007.799999999998
51674387631,51706450087,2024-10-16 14:07:48,1729087668809,1,1,0,51706446970,0,1.0,1.0889,0.0,0.0,2.0,0.0,EURUSD,,,profit,sell,-8005.799999999998
51674388193,51706450657,2024-10-16 14:07:59,1729087679671,1,0,234000,51706450657,3,1.0,1.08889,0.0,0.0,0.0,0.0,EURUSD,Automated trade,,no profit/loss,sell,-8005.799999999998
51674388203,51706450667,2024-10-16 14:08:00,1729087680011,0,1,234000,51706450657,4,1.0,1.08894,0.0,0.0,-5.0,0.0,EURUSD,[sl 1.08894],,loss,buy,-8010.799999999998
51674391528,51706453957,2024-10-16 14:09:00,1729087740007,1,0,234000,51706453957,3,1.0,1.08895,0.0,0.0,0.0,0.0,EURUSD,Automated trade,,no profit/loss,sell,-8010.799999999998
51674391580,51706454006,2024-10-16 14:09:00,1729087740813,0,1,234000,51706453957,4,1.0,1.089,0.0,0.0,-5.0,0.0,EURUSD,[sl 1.08900],,loss,buy,-8015.799999999998
51674396232,51706458645,2024-10-16 14:10:13,1729087813693,1,0,234000,51706458645,3,1.0,1.08926,0.0,0.0,0.0,0.0,EURUSD,Automated trade,,no profit/loss,sell,-8015.799999999998
51674397450,51706459852,2024-10-16 14:10:28,1729087828919,0,1,0,51706458645,0,1.0,1.08922,0.0,0.0,4.0,0.0,EURUSD,,,profit,buy,-8011.799999999998
51674401326,51706463696,2024-10-16 14:11:14,1729087874041,0,0,234000,51706463696,3,1.0,1.0893,0.0,0.0,0.0,0.0,EURUSD,Automated trade,,no profit/loss,buy,-8011.799999999998
51674401384,51706463756,2024-10-16 14:11:14,1729087874720,1,1,234000,51706463696,4,1.0,1.08925,0.0,0.0,-5.0,0.0,EURUSD,[sl 1.08925],,loss,sell,-8016.799999999998
51674405191,51706467580,2024-10-16 14:12:14,1729087934466,1,0,234000,51706467580,3,1.0,1.0892,0.0,0.0,0.0,0.0,EURUSD,Automated trade,,no profit/loss,sell,-8016.799999999998
51674405209,51706467599,2024-10-16 14:12:14,1729087934983,0,1,234000,51706467580,4,1.0,1.08925,0.0,0.0,-5.0,0.0,EURUSD,[sl 1.08925],,loss,buy,-8021.799999999998
51674409376,51706471813,2024-10-16 14:13:45,1729088025894,1,0,234000,51706471813,3,1.0,1.08923,0.0,0.0,0.0,0.0,EURUSD,Automated trade,,no profit/loss,sell,-8021.799999999998
51674409465,51706471904,2024-10-16 14:13:48,1729088028324,0,1,234000,51706471813,4,1.0,1.08928,0.0,0.0,-5.0,0.0,EURUSD,[sl 1.08928],,loss,buy,-8026.799999999998
51674411735,51706474194,2024-10-16 14:14:46,1729088086243,0,0,234000,51706474194,3,1.0,1.08929,0.0,0.0,0.0,0.0,EURUSD,Automated trade,,no profit/loss,buy,-8026.799999999998
51674412035,51706474494,2024-10-16 14:14:54,1729088094006,1,1,234000,51706474194,4,1.0,1.08924,0.0,0.0,-5.0,0.0,EURUSD,[sl 1.08924],,loss,sell,-8031.799999999998
51674423090,51706485429,2024-10-16 14:17:17,1729088237529,0,0,234000,51706485429,3,1.0,1.0892,0.0,0.0,0.0,0.0,EURUSD,Automated trade,,no profit/loss,buy,-8031.799999999998
51674423216,51706485557,2024-10-16 14:17:18,1729088238464,1,1,234000,51706485429,4,1.0,1.08915,0.0,0.0,-5.0,0.0,EURUSD,[sl 1.08915],,loss,sell,-8036.799999999998
51674425968,51706488240,2024-10-16 14:17:47,1729088267858,0,0,234000,51706488240,3,1.0,1.08916,0.0,0.0,0.0,0.0,EURUSD,Automated trade,,no profit/loss,buy,-8036.799999999998
51674426174,51706488454,2024-10-16 14:17:50,1729088270170,1,1,234000,51706488240,4,1.0,1.08911,0.0,0.0,-5.0,0.0,EURUSD,[sl 1.08911],,loss,sell,-8041.799999999998
51674428161,51706490484,2024-10-16 14:18:18,1729088298234,1,0,234000,51706490484,3,1.0,1.08919,0.0,0.0,0.0,0.0,EURUSD,Automated trade,,no profit/loss,sell,-8041.799999999998
51674428487,51706490802,2024-10-16 14:18:21,1729088301654,0,1,234000,51706490484,4,1.0,1.08924,0.0,0.0,-5.0,0.0,EURUSD,[sl 1.08924],,loss,buy,-8046.799999999998
51674430783,51706493117,2024-10-16 14:18:48,1729088328583,1,0,234000,51706493117,3,1.0,1.08917,0.0,0.0,0.0,0.0,EURUSD,Automated trade,,no profit/loss,sell,-8046.799999999998
51674431347,51706493678,2024-10-16 14:18:55,1729088335669,0,1,234000,51706493117,4,1.0,1.08922,0.0,0.0,-5.0,0.0,EURUSD,[sl 1.08922],,loss,buy,-8051.799999999998
51674433037,51706495347,2024-10-16 14:19:18,1729088358925,1,0,234000,51706495347,3,1.0,1.08915,0.0,0.0,0.0,0.0,EURUSD,Automated trade,,no profit/loss,sell,-8051.799999999998
51674435266,51706497585,2024-10-16 14:19:48,1729088388899,0,1,234000,51706495347,4,1.0,1.0892,0.0,0.0,-5.0,0.0,EURUSD,[sl 1.08920],,loss,buy,-8056.799999999998
51674435280,51706497600,2024-10-16 14:19:49,1729088389252,1,0,234000,51706497600,3,1.0,1.08915,0.0,0.0,0.0,0.0,EURUSD,Automated trade,,no profit/loss,sell,-8056.799999999998
51674435851,51706498183,2024-10-16 14:20:00,1729088400332,0,1,234000,51706497600,4,1.0,1.0892,0.0,0.0,-5.0,0.0,EURUSD,[sl 1.08920],,loss,buy,-8061.799999999998
51674436898,51706499241,2024-10-16 14:20:19,1729088419630,0,0,234000,51706499241,3,1.0,1.08924,0.0,0.0,0.0,0.0,EURUSD,Automated trade,,no profit/loss,buy,-8061.799999999998
51674437312,51706499665,2024-10-16 14:20:26,1729088426636,1,1,234000,51706499241,4,1.0,1.08919,0.0,0.0,-5.0,0.0,EURUSD,[sl 1.08919],,loss,sell,-8066.799999999998
51674439221,51706501581,2024-10-16 14:20:54,1729088454572,1,0,234000,51706501581,3,1.0,1.08924,0.0,0.0,0.0,0.0,EURUSD,Automated trade,,no profit/loss,sell,-8066.799999999998
51674439445,51706501808,2024-10-16 14:21:00,1729088460292,0,1,234000,51706501581,4,1.0,1.08929,0.0,0.0,-5.0,0.0,EURUSD,[sl 1.08929],,loss,buy,-8071.799999999998
51674440785,51706503154,2024-10-16 14:21:24,1729088484921,0,0,234000,51706503154,3,1.0,1.08927,0.0,0.0,0.0,0.0,EURUSD,Automated trade,,no profit/loss,buy,-8071.799999999998
51674441058,51706503412,2024-10-16 14:21:29,1729088489049,1,1,234000,51706503154,4,1.0,1.08922,0.0,0.0,-5.0,0.0,EURUSD,[sl 1.08922],,loss,sell,-8076.799999999998
51674443556,51706505913,2024-10-16 14:22:19,1729088539731,0,0,234000,51706505913,3,1.0,1.08925,0.0,0.0,0.0,0.0,EURUSD,Automated trade,,no profit/loss,buy,-8076.799999999998
51674445154,51706507520,2024-10-16 14:22:50,1729088570094,0,0,234000,51706507520,3,1.0,1.0892,0.0,0.0,0.0,0.0,EURUSD,Automated trade,,no profit/loss,buy,-8076.799999999998
51674448853,51706511273,2024-10-16 14:23:49,1729088629934,1,0,234000,51706511273,3,1.0,1.08908,0.0,0.0,0.0,0.0,EURUSD,Automated trade,,no profit/loss,sell,-8076.799999999998
51674451113,51706513553,2024-10-16 14:24:20,1729088660309,0,0,234000,51706513553,3,1.0,1.0891,0.0,0.0,0.0,0.0,EURUSD,Automated trade,,no profit/loss,buy,-8076.799999999998
51674452550,51706515022,2024-10-16 14:24:50,1729088690658,0,0,234000,51706515022,3,1.0,1.08908,0.0,0.0,0.0,0.0,EURUSD,Automated trade,,no profit/loss,buy,-8076.799999999998
51674453383,51706515855,2024-10-16 14:25:08,1729088708237,1,1,0,51706515022,0,1.0,1.08911,0.0,0.0,3.0,0.0,EURUSD,,,profit,sell,-8073.799999999998
51674454162,51706516648,2024-10-16 14:25:20,1729088720990,1,0,234000,51706516648,3,1.0,1.0890900000000001,0.0,0.0,0.0,0.0,EURUSD,Automated trade,,no profit/loss,sell,-8073.799999999998
51674457567,51706520021,2024-10-16 14:25:58,1729088758389,1,1,0,51706507520,0,1.0,1.08908,0.0,0.0,-12.0,0.0,EURUSD,,,loss,sell,-8085.799999999998
51674457950,51706520407,2024-10-16 14:26:05,1729088765399,1,1,0,51706505913,0,1.0,1.08904,0.0,0.0,-21.0,0.0,EURUSD,,,loss,sell,-8106.799999999998
51674458159,51706520618,2024-10-16 14:26:07,1729088767583,0,1,0,51706516648,0,1.0,1.08908,0.0,0.0,1.0,0.0,EURUSD,,,profit,buy,-8105.799999999998
51674459042,51706521512,2024-10-16 14:26:23,1729088783745,0,1,0,51706511273,0,1.0,1.08905,0.0,0.0,3.0,0.0,EURUSD,,,profit,buy,-8102.799999999998
51674460763,51706523266,2024-10-16 14:26:52,1729088812247,0,0,234000,51706523266,3,1.0,1.08905,0.0,0.0,0.0,0.0,EURUSD,Automated trade,,no profit/loss,buy,-8102.799999999998
51674462762,51706525278,2024-10-16 14:27:31,1729088851283,1,1,0,51706523266,0,1.0,1.08908,0.0,0.0,3.0,0.0,EURUSD,,,profit,sell,-8099.799999999998
51674463408,51706525936,2024-10-16 14:27:45,1729088865512,0,0,234000,51706525936,3,1.0,1.08907,0.0,0.0,0.0,0.0,EURUSD,Automated trade,,no profit/loss,buy,-8099.799999999998
51674464663,51706527202,2024-10-16 14:28:13,1729088893647,1,1,234000,51706525936,5,1.0,1.0890900000000001,0.0,0.0,2.0,0.0,EURUSD,[tp 1.08909],,profit,sell,-8097.799999999998
51674464753,51706527293,2024-10-16 14:28:15,1729088895857,1,0,234000,51706527293,3,1.0,1.08912,0.0,0.0,0.0,0.0,EURUSD,Automated trade,,no profit/loss,sell,-8097.799999999998
51674464977,51706527530,2024-10-16 14:28:22,1729088902140,0,1,234000,51706527293,5,1.0,1.0891,0.0,0.0,2.0,0.0,EURUSD,[tp 1.08910],,profit,buy,-8095.799999999998
51674469305,51706531799,2024-10-16 14:29:16,1729088956602,0,0,234000,51706531799,3,1.0,1.0890900000000001,0.0,0.0,0.0,0.0,EURUSD,Automated trade,,no profit/loss,buy,-8095.799999999998
51674471049,51706533541,2024-10-16 14:29:46,1729088986954,0,0,234000,51706533541,3,1.0,1.08913,0.0,0.0,0.0,0.0,EURUSD,Automated trade,,no profit/loss,buy,-8095.799999999998
51674471862,51706534381,2024-10-16 14:30:01,1729089001045,1,1,234000,51706531799,5,1.0,1.08911,0.0,0.0,2.0,0.0,EURUSD,[tp 1.08911],,profit,sell,-8093.799999999998
51674471864,51706534382,2024-10-16 14:30:01,1729089001046,1,1,234000,51706533541,5,1.0,1.08912,0.0,0.0,-1.0,0.0,EURUSD,[tp 1.08912],,loss,sell,-8094.799999999998
51674472572,51706535082,2024-10-16 14:30:11,1729089011304,1,1,0,51706513553,0,1.0,1.08914,0.0,0.0,4.0,0.0,EURUSD,,,profit,sell,-8090.799999999998
51674473047,51706535548,2024-10-16 14:30:17,1729089017301,0,0,234000,51706535548,3,1.0,1.08926,0.0,0.0,0.0,0.0,EURUSD,Automated trade,,no profit/loss,buy,-8090.799999999998
51674474645,51706537161,2024-10-16 14:30:47,1729089047641,0,0,234000,51706537161,3,1.0,1.08922,0.0,0.0,0.0,0.0,EURUSD,Automated trade,,no profit/loss,buy,-8090.799999999998
51674475943,51706538428,2024-10-16 14:31:08,1729089068838,1,1,234000,51706537161,5,1.0,1.08924,0.0,0.0,2.0,0.0,EURUSD,[tp 1.08924],,profit,sell,-8088.799999999998
51674476462,51706538953,2024-10-16 14:31:18,1729089078000,0,0,234000,51706538953,3,1.0,1.08929,0.0,0.0,0.0,0.0,EURUSD,Automated trade,,no profit/loss,buy,-8088.799999999998
51674478091,51706540607,2024-10-16 14:31:48,1729089108346,0,0,234000,51706540607,3,1.0,1.08923,0.0,0.0,0.0,0.0,EURUSD,Automated trade,,no profit/loss,buy,-8088.799999999998
51674478714,51706541217,2024-10-16 14:32:03,1729089123894,1,1,234000,51706540607,5,1.0,1.08925,0.0,0.0,2.0,0.0,EURUSD,[tp 1.08925],,profit,sell,-8086.799999999998
51674481225,51706543682,2024-10-16 14:32:37,1729089157736,1,0,234000,51706543682,3,10.0,1.08924,0.0,0.0,0.0,0.0,EURUSD,Automated trade,,no profit/loss,sell,-8086.799999999998
51674481573,51706544026,2024-10-16 14:32:42,1729089162526,1,1,234000,51706535548,5,1.0,1.08928,0.0,0.0,2.0,0.0,EURUSD,[tp 1.08928],,profit,sell,-8084.799999999998
51674483382,51706545848,2024-10-16 14:33:08,1729089188087,0,0,234000,51706545848,3,10.0,1.08933,0.0,0.0,0.0,0.0,EURUSD,Automated trade,,no profit/loss,buy,-8084.799999999998
51674484510,51706546988,2024-10-16 14:33:24,1729089204894,1,1,234000,51706538953,5,1.0,1.08931,0.0,0.0,2.0,0.0,EURUSD,[tp 1.08931],,profit,sell,-8082.799999999998
51674487718,51706550201,2024-10-16 14:34:09,1729089249657,1,1,234000,51706545848,5,10.0,1.08935,0.0,0.0,20.0,0.0,EURUSD,[tp 1.08935],,profit,sell,-8062.799999999998
51674517235,51706579557,2024-10-16 14:42:19,1729089739647,0,1,234000,51706543682,5,10.0,1.08922,0.0,0.0,20.0,0.0,EURUSD,[tp 1.08922],,profit,buy,-8042.799999999998
51674519601,51706581932,2024-10-16 14:42:55,1729089775642,0,0,234000,51706581932,3,10.0,1.08925,0.0,0.0,0.0,0.0,EURUSD,Automated trade,,no profit/loss,buy,-8042.799999999998
51674523820,51706586195,2024-10-16 14:44:02,1729089842351,1,1,234000,51706581932,5,10.0,1.08927,0.0,0.0,20.0,0.0,EURUSD,[tp 1.08927],,profit,sell,-8022.799999999998
51674537873,51706600258,2024-10-16 14:47:34,1729090054914,1,0,234000,51706600258,3,10.0,1.08924,0.0,0.0,0.0,0.0,EURUSD,Automated trade,,no profit/loss,sell,-8022.799999999998
51674538534,51706600932,2024-10-16 14:47:48,1729090068701,0,1,234000,51706600258,5,10.0,1.08922,0.0,0.0,20.0,0.0,EURUSD,[tp 1.08922],,profit,buy,-8002.799999999998
51674539504,51706601919,2024-10-16 14:48:05,1729090085256,1,0,234000,51706601919,3,10.0,1.08916,0.0,0.0,0.0,0.0,EURUSD,Automated trade,,no profit/loss,sell,-8002.799999999998
51674541510,51706603940,2024-10-16 14:48:35,1729090115656,1,0,234000,51706603940,3,10.0,1.08927,0.0,0.0,0.0,0.0,EURUSD,Automated trade,,no profit/loss,sell,-8002.799999999998
51674543139,51706605533,2024-10-16 14:49:06,1729090146413,0,0,234000,51706605533,3,10.0,1.08939,0.0,0.0,0.0,0.0,EURUSD,Automated trade,,no profit/loss,buy,-8002.799999999998
51674544790,51706607160,2024-10-16 14:49:36,1729090176761,0,0,234000,51706607160,3,10.0,1.08938,0.0,0.0,0.0,0.0,EURUSD,Automated trade,,no profit/loss,buy,-8002.799999999998
51674551250,51706613635,2024-10-16 14:51:21,1729090281670,0,1,234000,51706603940,5,10.0,1.08925,0.0,0.0,20.0,0.0,EURUSD,[tp 1.08925],,profit,buy,-7982.799999999998
51674552772,51706615147,2024-10-16 14:51:37,1729090297523,1,0,234000,51706615147,3,10.0,1.08919,0.0,0.0,0.0,0.0,EURUSD,Automated trade,,no profit/loss,sell,-7982.799999999998
51674561335,51706623725,2024-10-16 14:53:35,1729090415910,1,1,234000,51706607160,5,10.0,1.0894,0.0,0.0,20.0,0.0,EURUSD,[tp 1.08940],,profit,sell,-7962.799999999998
51674564036,51706626427,2024-10-16 14:54:25,1729090465679,1,1,234000,51706605533,5,10.0,1.08941,0.0,0.0,20.0,0.0,EURUSD,[tp 1.08941],,profit,sell,-7942.799999999998
51674600135,51706662656,2024-10-16 15:03:35,1729091015089,0,0,234000,51706662656,3,10.0,1.08949,0.0,0.0,0.0,0.0,EURUSD,Automated trade,,no profit/loss,buy,-7942.799999999998
51674600320,51706662842,2024-10-16 15:03:40,1729091020049,1,1,234000,51706662656,5,10.0,1.08951,0.0,0.0,20.0,0.0,EURUSD,[tp 1.08951],,profit,sell,-7922.799999999998
51674601053,51706663540,2024-10-16 15:03:48,1729091028955,0,1,234000,51706601919,4,10.0,1.08966,0.0,0.0,-500.0,0.0,EURUSD,[sl 1.08966],,loss,buy,-8422.8
51674601216,51706663706,2024-10-16 15:03:49,1729091029954,0,1,234000,51706615147,4,10.0,1.08969,0.0,0.0,-500.0,0.0,EURUSD,[sl 1.08969],,loss,buy,-8922.8
51674603165,51706665602,2024-10-16 15:04:05,1729091045788,1,0,234000,51706665602,3,10.0,1.08965,0.0,0.0,0.0,0.0,EURUSD,Automated trade,,no profit/loss,sell,-8922.8
51674606393,51706668775,2024-10-16 15:04:36,1729091076127,1,0,234000,51706668775,3,10.0,1.08977,0.0,0.0,0.0,0.0,EURUSD,Automated trade,,no profit/loss,sell,-8922.8
51674617295,51706679493,2024-10-16 15:06:28,1729091188832,0,1,234000,51706668775,5,10.0,1.08975,0.0,0.0,20.0,0.0,EURUSD,[tp 1.08975],,profit,buy,-8902.8
51674620684,51706682917,2024-10-16 15:07:14,1729091234227,1,0,0,51706682917,1,2.0,1.08961,0.0,0.0,0.0,0.0,EURUSD,,,no profit/loss,sell,-8902.8
51674621789,51706684034,2024-10-16 15:07:29,1729091249625,0,1,234000,51706665602,5,10.0,1.08963,0.0,0.0,20.0,0.0,EURUSD,[tp 1.08963],,profit,buy,-8882.8
51674627818,51706689988,2024-10-16 15:09:02,1729091342311,0,0,234000,51706689988,3,10.0,1.08966,0.0,0.0,0.0,0.0,EURUSD,Automated trade,,no profit/loss,buy,-8882.8
51674629288,51706691469,2024-10-16 15:09:32,1729091372820,0,0,234000,51706691469,3,10.0,1.08961,0.0,0.0,0.0,0.0,EURUSD,Automated trade,,no profit/loss,buy,-8882.8
51674632351,51706694571,2024-10-16 15:10:20,1729091420493,1,1,0,51706691469,0,10.0,1.08965,0.0,0.0,40.0,0.0,EURUSD,,,profit,sell,-8842.8
51674635091,51706697317,2024-10-16 15:11:03,1729091463718,0,0,234000,51706697317,3,10.0,1.08967,0.0,0.0,0.0,0.0,EURUSD,Automated trade,,no profit/loss,buy,-8842.8
51674638201,51706700444,2024-10-16 15:12:12,1729091532668,1,1,0,51706689988,0,10.0,1.08972,0.0,0.0,60.0,0.0,EURUSD,,,profit,sell,-8782.8
51674638275,51706700521,2024-10-16 15:12:14,1729091534297,1,1,0,51706697317,0,10.0,1.08972,0.0,0.0,50.0,0.0,EURUSD,,,profit,sell,-8732.8
51674639289,51706701543,2024-10-16 15:12:34,1729091554444,1,0,234000,51706701543,3,10.0,1.08977,0.0,0.0,0.0,0.0,EURUSD,Automated trade,,no profit/loss,sell,-8732.8
51674640862,51706703118,2024-10-16 15:13:04,1729091584832,1,0,234000,51706703118,3,10.0,1.08971,0.0,0.0,0.0,0.0,EURUSD,Automated trade,,no profit/loss,sell,-8732.8
51674641231,51706703488,2024-10-16 15:13:09,1729091589893,0,1,0,51706701543,0,10.0,1.08975,0.0,0.0,20.0,0.0,EURUSD,,,profit,buy,-8712.8
51674642897,51706705171,2024-10-16 15:13:35,1729091615207,1,0,234000,51706705171,3,10.0,1.08971,0.0,0.0,0.0,0.0,EURUSD,Automated trade,,no profit/loss,sell,-8712.8
51674645633,51706707947,2024-10-16 15:14:36,1729091676144,0,0,234000,51706707947,3,10.0,1.08983,0.0,0.0,0.0,0.0,EURUSD,Automated trade,,no profit/loss,buy,-8712.8
51674647142,51706709432,2024-10-16 15:15:06,1729091706520,0,0,234000,51706709432,3,10.0,1.0898,0.0,0.0,0.0,0.0,EURUSD,Automated trade,,no profit/loss,buy,-8712.8
51674664236,51706726423,2024-10-16 15:18:44,1729091924669,1,1,0,51706709432,0,10.0,1.08985,0.0,0.0,50.0,0.0,EURUSD,,,profit,sell,-8662.8
51674670019,51706732322,2024-10-16 15:20:07,1729092007926,0,1,0,51706703118,0,10.0,1.08966,0.0,0.0,50.0,0.0,EURUSD,,,profit,buy,-8612.8
51674670025,51706732328,2024-10-16 15:20:07,1729092007962,0,0,234000,51706732328,3,10.0,1.08966,0.0,0.0,0.0,0.0,EURUSD,Automated trade,,no profit/loss,buy,-8612.8
51674670669,51706732906,2024-10-16 15:20:10,1729092010482,0,1,0,51706705171,0,10.0,1.08965,0.0,0.0,60.0,0.0,EURUSD,,,profit,buy,-8552.8
51674672350,51706734540,2024-10-16 15:20:20,1729092020482,0,1,0,51706682917,0,2.0,1.08964,0.0,0.0,-6.0,0.0,EURUSD,,,loss,buy,-8558.8
51674673543,51706735728,2024-10-16 15:20:27,1729092027612,1,1,0,51706732328,0,10.0,1.08969,0.0,0.0,30.0,0.0,EURUSD,,,profit,sell,-8528.8
51674674913,51706737109,2024-10-16 15:20:38,1729092038629,0,0,234000,51706737109,3,10.0,1.08973,0.0,0.0,0.0,0.0,EURUSD,Automated trade,,no profit/loss,buy,-8528.8
51674677951,51706740172,2024-10-16 15:21:09,1729092069694,1,0,234000,51706740172,3,10.0,1.08964,0.0,0.0,0.0,0.0,EURUSD,Automated trade,,no profit/loss,sell,-8528.8
51674680499,51706742732,2024-10-16 15:21:40,1729092100427,1,0,234000,51706742732,3,10.0,1.0897000000000001,0.0,0.0,0.0,0.0,EURUSD,Automated trade,,no profit/loss,sell,-8528.8
51674682654,51706744905,2024-10-16 15:22:11,1729092131724,1,1,0,51706737109,0,10.0,1.08978,0.0,0.0,50.0,0.0,EURUSD,,,profit,sell,-8478.8
51674684483,51706746737,2024-10-16 15:22:41,1729092161218,0,0,234000,51706746737,3,10.0,1.0898,0.0,0.0,0.0,0.0,EURUSD,Automated trade,,no profit/loss,buy,-8478.8
51674701144,51706763463,2024-10-16 15:25:53,1729092353851,1,1,234000,51706746737,5,10.0,1.0899,0.0,0.0,100.0,0.0,EURUSD,[tp 1.08990],,profit,sell,-8378.8
51674701527,51706763789,2024-10-16 15:25:55,1729092355209,1,1,234000,51706707947,5,10.0,1.08993,0.0,0.0,100.0,0.0,EURUSD,[tp 1.08993],,profit,sell,-8278.8
51674703727,51706766028,2024-10-16 15:26:12,1729092372406,0,0,234000,51706766028,3,10.0,1.09,0.0,0.0,0.0,0.0,EURUSD,Automated trade,,no profit/loss,buy,-8278.8
51674706264,51706768506,2024-10-16 15:26:35,1729092395521,1,1,0,51706766028,0,10.0,1.09007,0.0,0.0,70.0,0.0,EURUSD,,,profit,sell,-8208.8
51674706988,51706769104,2024-10-16 15:26:36,1729092396696,0,1,234000,51706740172,4,10.0,1.0901399999999999,0.0,0.0,-500.0,0.0,EURUSD,[sl 1.09014],,loss,buy,-8708.8
51674708033,51706770155,2024-10-16 15:26:47,1729092407899,0,0,234000,51706770155,3,10.0,1.09015,0.0,0.0,0.0,0.0,EURUSD,Automated trade,,no profit/loss,buy,-8708.8
51674717158,51706779329,2024-10-16 15:28:19,1729092499221,1,0,234000,51706779329,3,10.0,1.08993,0.0,0.0,0.0,0.0,EURUSD,Automated trade,,no profit/loss,sell,-8708.8
51674722897,51706785127,2024-10-16 15:29:36,1729092576374,0,1,0,51706779329,0,10.0,1.08986,0.0,0.0,70.0,0.0,EURUSD,,,profit,buy,-8638.8
51674726351,51706788584,2024-10-16 15:30:20,1729092620212,0,0,234000,51706788584,3,10.0,1.08996,0.0,0.0,0.0,0.0,EURUSD,Automated trade,,no profit/loss,buy,-8638.8
51674732838,51706795061,2024-10-16 15:31:20,1729092680670,1,0,234000,51706795061,3,10.0,1.08986,0.0,0.0,0.0,0.0,EURUSD,Automated trade,,no profit/loss,sell,-8638.8
51674741271,51706803519,2024-10-16 15:32:47,1729092767421,0,1,234000,51706795061,5,10.0,1.08976,0.0,0.0,100.0,0.0,EURUSD,[tp 1.08976],,profit,buy,-8538.8
51674743880,51706806128,2024-10-16 15:33:21,1729092801316,1,0,234000,51706806128,3,10.0,1.08971,0.0,0.0,0.0,0.0,EURUSD,Automated trade,,no profit/loss,sell,-8538.8
51674753917,51706816233,2024-10-16 15:35:31,1729092931319,1,1,234000,51706770155,4,10.0,1.08965,0.0,0.0,-500.0,0.0,EURUSD,[sl 1.08965],,loss,sell,-9038.8
51674754526,51706816838,2024-10-16 15:35:41,1729092941593,0,1,0,51706742732,0,10.0,1.08968,0.0,0.0,20.0,0.0,EURUSD,,,profit,buy,-9018.8
51674755246,51706817560,2024-10-16 15:35:50,1729092950045,0,1,234000,51706806128,5,10.0,1.08961,0.0,0.0,100.0,0.0,EURUSD,[tp 1.08961],,profit,buy,-8918.8
51674755403,51706817714,2024-10-16 15:35:52,1729092952107,1,0,234000,51706817714,3,10.0,1.08955,0.0,0.0,0.0,0.0,EURUSD,Automated trade,,no profit/loss,sell,-8918.8
51674758024,51706820299,2024-10-16 15:36:17,1729092977793,1,1,234000,51706788584,4,10.0,1.08946,0.0,0.0,-500.0,0.0,EURUSD,[sl 1.08946],,loss,sell,-9418.8
51674758400,51706820669,2024-10-16 15:36:22,1729092982469,0,0,234000,51706820669,3,10.0,1.08949,0.0,0.0,0.0,0.0,EURUSD,Automated trade,,no profit/loss,buy,-9418.8
51674758803,51706821068,2024-10-16 15:36:26,1729092986615,0,1,234000,51706817714,5,10.0,1.08945,0.0,0.0,100.0,0.0,EURUSD,[tp 1.08945],,profit,buy,-9318.8
51674762308,51706824560,2024-10-16 15:36:52,1729093012859,0,0,234000,51706824560,3,10.0,1.08948,0.0,0.0,0.0,0.0,EURUSD,Automated trade,,no profit/loss,buy,-9318.8
51674771577,51706833859,2024-10-16 15:38:23,1729093103463,1,0,234000,51706833859,3,10.0,1.0893,0.0,0.0,0.0,0.0,EURUSD,Automated trade,,no profit/loss,sell,-9318.8
51674774477,51706836763,2024-10-16 15:38:53,1729093133823,1,0,234000,51706836763,3,10.0,1.08929,0.0,0.0,0.0,0.0,EURUSD,Automated trade,,no profit/loss,sell,-9318.8
51674781771,51706844064,2024-10-16 15:40:26,1729093226037,0,1,234000,51706833859,5,10.0,1.0892,0.0,0.0,100.0,0.0,EURUSD,[tp 1.08920],,profit,buy,-9218.8
51674781772,51706844065,2024-10-16 15:40:26,1729093226038,0,1,234000,51706836763,5,10.0,1.08919,0.0,0.0,100.0,0.0,EURUSD,[tp 1.08919],,profit,buy,-9118.8
51674784048,51706846352,2024-10-16 15:40:54,1729093254518,1,0,234000,51706846352,3,10.0,1.0890900000000001,0.0,0.0,0.0,0.0,EURUSD,Automated trade,,no profit/loss,sell,-9118.8
51674786247,51706848558,2024-10-16 15:41:24,1729093284929,1,0,234000,51706848558,3,10.0,1.0891,0.0,0.0,0.0,0.0,EURUSD,Automated trade,,no profit/loss,sell,-9118.8
51674791177,51706853472,2024-10-16 15:42:40,1729093360165,1,1,234000,51706820669,4,10.0,1.08899,0.0,0.0,-500.0,0.0,EURUSD,[sl 1.08899],,loss,sell,-9618.8
51674791319,51706853624,2024-10-16 15:42:40,1729093360666,1,1,234000,51706824560,4,10.0,1.08898,0.0,0.0,-500.0,0.0,EURUSD,[sl 1.08898],,loss,sell,-10118.8
51674791328,51706853626,2024-10-16 15:42:40,1729093360667,0,1,234000,51706846352,5,10.0,1.08899,0.0,0.0,100.0,0.0,EURUSD,[tp 1.08899],,profit,buy,-10018.8
51674791333,51706853627,2024-10-16 15:42:40,1729093360667,0,1,234000,51706848558,5,10.0,1.089,0.0,0.0,100.0,0.0,EURUSD,[tp 1.08900],,profit,buy,-9918.8
51674792380,51706854663,2024-10-16 15:42:55,1729093375494,1,0,234000,51706854663,3,10.0,1.08893,0.0,0.0,0.0,0.0,EURUSD,Automated trade,,no profit/loss,sell,-9918.8
51674794387,51706856644,2024-10-16 15:43:25,1729093405868,1,0,234000,51706856644,3,10.0,1.08889,0.0,0.0,0.0,0.0,EURUSD,Automated trade,,no profit/loss,sell,-9918.8
51674804891,51706867100,2024-10-16 15:45:26,1729093526557,0,0,234000,51706867100,3,10.0,1.08908,0.0,0.0,0.0,0.0,EURUSD,Automated trade,,no profit/loss,buy,-9918.8
51674823771,51706885848,2024-10-16 15:49:26,1729093766911,0,1,234000,51706854663,5,10.0,1.08883,0.0,0.0,100.0,0.0,EURUSD,[tp 1.08883],,profit,buy,-9818.8
51674824127,51706886194,2024-10-16 15:49:29,1729093769986,0,1,234000,51706856644,5,10.0,1.08879,0.0,0.0,100.0,0.0,EURUSD,[tp 1.08879],,profit,buy,-9718.8
51674825311,51706887363,2024-10-16 15:49:39,1729093779284,1,0,234000,51706887363,3,10.0,1.08875,0.0,0.0,0.0,0.0,EURUSD,Automated trade,,no profit/loss,sell,-9718.8
51674832411,51706894337,2024-10-16 15:50:49,1729093849894,1,1,0,51706867100,0,10.0,1.08871,0.0,0.0,-370.0,0.0,EURUSD,,,loss,sell,-10088.8
51674838854,51706900826,2024-10-16 15:52:10,1729093930060,1,0,234000,51706900826,3,10.0,1.0887,0.0,0.0,0.0,0.0,EURUSD,Automated trade,,no profit/loss,sell,-10088.8
51674932354,51706992954,2024-10-16 16:06:22,1729094782304,0,1,0,51706887363,0,10.0,1.08883,0.0,0.0,-80.0,0.0,EURUSD,,,loss,buy,-10168.8
51674952321,51707012915,2024-10-16 16:09:51,1729094991870,0,1,0,51706900826,1,10.0,1.08876,0.0,0.0,-60.0,0.0,EURUSD,,,loss,buy,-10228.8
