time,open,high,low,close,tick_volume
2024-11-29 00:00:00,1.05477,1.05477,1.05477,1.05477,1
2024-11-29 00:01:00,1.05477,1.05525,1.05469,1.05469,4
2024-11-29 00:03:00,1.05469,1.05469,1.05469,1.05469,1
2024-11-29 00:04:00,1.05477,1.05478,1.05469,1.05469,3
2024-11-29 00:05:00,1.05464,1.05516,1.05464,1.0549,7
2024-11-29 00:06:00,1.05488,1.05498,1.05474,1.05495,20
2024-11-29 00:07:00,1.05496,1.05504,1.05496,1.05504,9
2024-11-29 00:08:00,1.05511,1.05512,1.05496,1.05496,8
2024-11-29 00:09:00,1.05496,1.05499,1.05494,1.05499,8
2024-11-29 00:10:00,1.05484,1.05496,1.05482,1.05496,7
2024-11-29 00:11:00,1.05496,1.05499,1.05469,1.05475,28
2024-11-29 00:12:00,1.05498,1.05502,1.05475,1.055,23
2024-11-29 00:13:00,1.05503,1.05506,1.05478,1.05495,32
2024-11-29 00:14:00,1.05495,1.05497,1.05471,1.05471,21
2024-11-29 00:15:00,1.05507,1.05507,1.05504,1.05505,6
2024-11-29 00:16:00,1.05505,1.05505,1.05505,1.05505,1
2024-11-29 00:17:00,1.0549,1.0554,1.0549,1.0554,16
2024-11-29 00:18:00,1.0554,1.05546,1.05539,1.05546,5
2024-11-29 00:19:00,1.0553,1.05546,1.05528,1.05528,7
2024-11-29 00:20:00,1.0553,1.05546,1.05528,1.05529,4
2024-11-29 00:21:00,1.05529,1.05546,1.05529,1.05546,4
2024-11-29 00:22:00,1.05546,1.05546,1.05546,1.05546,1
2024-11-29 00:23:00,1.05531,1.0555,1.05531,1.05541,6
2024-11-29 00:24:00,1.05531,1.05543,1.05531,1.05542,5
2024-11-29 00:25:00,1.05529,1.05542,1.05529,1.05541,4
2024-11-29 00:26:00,1.05541,1.05543,1.05541,1.05543,3
2024-11-29 00:27:00,1.05529,1.05529,1.05498,1.05509,10
2024-11-29 00:28:00,1.05509,1.05509,1.05489,1.05508,4
2024-11-29 00:29:00,1.05508,1.05511,1.05508,1.05508,4
2024-11-29 00:30:00,1.05508,1.05517,1.05504,1.05516,8
2024-11-29 00:31:00,1.05517,1.05521,1.05517,1.05521,3
2024-11-29 00:32:00,1.05521,1.05529,1.05504,1.05516,7
2024-11-29 00:33:00,1.05506,1.0552,1.05506,1.0552,3
2024-11-29 00:34:00,1.0552,1.05521,1.0552,1.05521,2
2024-11-29 00:35:00,1.05521,1.05531,1.05521,1.05531,3
2024-11-29 00:36:00,1.05531,1.05531,1.05525,1.05531,7
2024-11-29 00:37:00,1.05531,1.05531,1.05495,1.05523,10
2024-11-29 00:38:00,1.05523,1.05523,1.05523,1.05523,1
2024-11-29 00:39:00,1.05524,1.05526,1.05524,1.05526,3
2024-11-29 00:40:00,1.05525,1.05528,1.05504,1.05515,6
2024-11-29 00:41:00,1.05518,1.05524,1.05493,1.05523,6
2024-11-29 00:42:00,1.05524,1.05525,1.05523,1.05524,5
2024-11-29 00:43:00,1.05525,1.05526,1.05525,1.05526,2
2024-11-29 00:44:00,1.05526,1.05526,1.05496,1.05496,3
2024-11-29 00:45:00,1.05525,1.05553,1.05525,1.05553,18
2024-11-29 00:46:00,1.05542,1.05553,1.0554,1.0554,5
2024-11-29 00:47:00,1.05535,1.05535,1.05531,1.05532,4
2024-11-29 00:48:00,1.05532,1.05546,1.0553,1.05546,12
2024-11-29 00:49:00,1.05546,1.05548,1.05546,1.05548,3
2024-11-29 00:50:00,1.05548,1.05549,1.05538,1.05549,9
2024-11-29 00:51:00,1.05549,1.05549,1.05542,1.05546,5
2024-11-29 00:52:00,1.05546,1.05547,1.05546,1.05546,3
2024-11-29 00:53:00,1.05546,1.05546,1.05507,1.05546,3
2024-11-29 00:54:00,1.05546,1.05546,1.05546,1.05546,1
2024-11-29 00:55:00,1.05546,1.05546,1.05511,1.05511,9
2024-11-29 00:56:00,1.05511,1.05512,1.05505,1.05505,8
2024-11-29 00:57:00,1.05506,1.05506,1.05505,1.05506,5
2024-11-29 00:58:00,1.05506,1.05506,1.05505,1.05506,3
2024-11-29 00:59:00,1.05505,1.05505,1.055,1.05504,10
2024-11-29 01:00:00,1.05503,1.05549,1.05492,1.05548,44
2024-11-29 01:01:00,1.05548,1.05552,1.05535,1.0555,13
2024-11-29 01:02:00,1.0555,1.05554,1.0555,1.05554,3
2024-11-29 01:03:00,1.05552,1.05555,1.0555,1.05555,8
2024-11-29 01:04:00,1.05555,1.05557,1.05554,1.05557,4
2024-11-29 01:05:00,1.05547,1.05547,1.05543,1.05543,2
2024-11-29 01:06:00,1.05544,1.05544,1.0553,1.05537,10
2024-11-29 01:07:00,1.05538,1.05538,1.05537,1.05537,26
2024-11-29 01:08:00,1.05538,1.05543,1.05537,1.05542,28
2024-11-29 01:09:00,1.05542,1.05542,1.05542,1.05542,1
2024-11-29 01:10:00,1.05543,1.05558,1.05542,1.05558,12
2024-11-29 01:11:00,1.05558,1.05564,1.05558,1.05564,3
2024-11-29 01:12:00,1.05565,1.05568,1.05562,1.05563,8
2024-11-29 01:13:00,1.05563,1.05564,1.05563,1.05564,2
2024-11-29 01:14:00,1.05564,1.05573,1.05564,1.0557,12
2024-11-29 01:15:00,1.05571,1.0558,1.05565,1.0558,9
2024-11-29 01:16:00,1.05588,1.05603,1.05588,1.056,14
2024-11-29 01:17:00,1.056,1.05605,1.056,1.05605,7
2024-11-29 01:18:00,1.05604,1.0562,1.056,1.0562,14
2024-11-29 01:19:00,1.05619,1.05619,1.05604,1.05605,17
2024-11-29 01:20:00,1.05605,1.0562,1.05604,1.05619,13
2024-11-29 01:21:00,1.05619,1.05619,1.05609,1.05611,10
2024-11-29 01:22:00,1.0561,1.0561,1.05609,1.05609,4
2024-11-29 01:23:00,1.05609,1.05611,1.05604,1.05604,16
2024-11-29 01:24:00,1.05605,1.05608,1.05599,1.056,17
2024-11-29 01:25:00,1.056,1.05601,1.05597,1.05601,11
2024-11-29 01:26:00,1.056,1.056,1.05594,1.05598,6
2024-11-29 01:27:00,1.05598,1.05598,1.05595,1.05595,13
2024-11-29 01:28:00,1.05595,1.05596,1.05593,1.05595,11
2024-11-29 01:29:00,1.05595,1.05595,1.05591,1.05592,9
2024-11-29 01:30:00,1.05592,1.05594,1.05587,1.05589,11
2024-11-29 01:31:00,1.05589,1.05595,1.05584,1.0559,13
2024-11-29 01:32:00,1.0559,1.05595,1.05589,1.05595,9
2024-11-29 01:33:00,1.05595,1.05595,1.05588,1.0559,14
2024-11-29 01:34:00,1.05589,1.05591,1.05589,1.05589,9
2024-11-29 01:35:00,1.0559,1.0559,1.0556,1.05561,21
2024-11-29 01:36:00,1.0556,1.05585,1.0556,1.05575,13
2024-11-29 01:37:00,1.05575,1.05575,1.0557,1.05574,20
2024-11-29 01:38:00,1.05574,1.05585,1.05574,1.0558,15
2024-11-29 01:39:00,1.0558,1.05583,1.0558,1.05583,5
2024-11-29 01:40:00,1.05583,1.056,1.05583,1.05595,13
2024-11-29 01:41:00,1.05595,1.05595,1.05586,1.05587,13
2024-11-29 01:42:00,1.05586,1.0559,1.05585,1.05587,16
2024-11-29 01:43:00,1.05587,1.05594,1.05586,1.05594,11
2024-11-29 01:44:00,1.05592,1.05595,1.05583,1.05595,13
2024-11-29 01:45:00,1.05595,1.05598,1.05595,1.05597,14
2024-11-29 01:46:00,1.05597,1.05597,1.0559,1.05594,9
2024-11-29 01:47:00,1.05595,1.05598,1.0559,1.05597,12
2024-11-29 01:48:00,1.05596,1.056,1.0559,1.056,14
2024-11-29 01:49:00,1.05597,1.05603,1.05597,1.05602,7
2024-11-29 01:50:00,1.056,1.05604,1.05596,1.05603,14
2024-11-29 01:51:00,1.05603,1.05605,1.056,1.05604,10
2024-11-29 01:52:00,1.05603,1.05608,1.05603,1.05603,11
2024-11-29 01:53:00,1.05603,1.05605,1.05601,1.05605,9
2024-11-29 01:54:00,1.05607,1.05608,1.05603,1.05608,12
2024-11-29 01:55:00,1.05608,1.0562,1.05608,1.05619,8
2024-11-29 01:56:00,1.05619,1.0562,1.0561,1.0561,16
2024-11-29 01:57:00,1.05611,1.05614,1.05608,1.0561,16
2024-11-29 01:58:00,1.0561,1.05612,1.05604,1.05604,16
2024-11-29 01:59:00,1.05601,1.05603,1.05597,1.056,19
2024-11-29 02:00:00,1.056,1.0561,1.05599,1.05609,24
2024-11-29 02:01:00,1.05608,1.05609,1.05596,1.05599,20
2024-11-29 02:02:00,1.05599,1.056,1.05585,1.05591,24
2024-11-29 02:03:00,1.0559,1.05595,1.05589,1.05589,12
2024-11-29 02:04:00,1.05591,1.05603,1.05591,1.05597,23
2024-11-29 02:05:00,1.05597,1.05602,1.05594,1.05594,21
2024-11-29 02:06:00,1.05594,1.05599,1.05591,1.05593,17
2024-11-29 02:07:00,1.05593,1.05604,1.05593,1.05599,26
2024-11-29 02:08:00,1.05598,1.05599,1.0559,1.0559,27
2024-11-29 02:09:00,1.0559,1.05593,1.0559,1.05591,15
2024-11-29 02:10:00,1.05591,1.05609,1.05591,1.05609,27
2024-11-29 02:11:00,1.05608,1.05615,1.05608,1.05615,30
2024-11-29 02:12:00,1.05614,1.05617,1.05613,1.05615,14
2024-11-29 02:13:00,1.05615,1.05615,1.05605,1.0561,24
2024-11-29 02:14:00,1.05612,1.05614,1.05607,1.05611,23
2024-11-29 02:15:00,1.05611,1.05614,1.05605,1.05607,19
2024-11-29 02:16:00,1.05607,1.05615,1.05606,1.05615,18
2024-11-29 02:17:00,1.0561,1.05614,1.05607,1.05614,18
2024-11-29 02:18:00,1.05613,1.0562,1.0561,1.05619,16
2024-11-29 02:19:00,1.05619,1.05619,1.05615,1.05617,24
2024-11-29 02:20:00,1.05617,1.05625,1.05617,1.05619,22
2024-11-29 02:21:00,1.0562,1.05627,1.0562,1.05625,26
2024-11-29 02:22:00,1.05625,1.05625,1.05618,1.05625,16
2024-11-29 02:23:00,1.05624,1.05625,1.05621,1.05625,7
2024-11-29 02:24:00,1.05625,1.05625,1.05622,1.05624,18
2024-11-29 02:25:00,1.05623,1.05623,1.05617,1.0562,23
2024-11-29 02:26:00,1.0562,1.05621,1.05605,1.05605,17
2024-11-29 02:27:00,1.05605,1.05606,1.05598,1.05605,20
2024-11-29 02:28:00,1.05605,1.05607,1.05604,1.05607,13
2024-11-29 02:29:00,1.05607,1.05622,1.05607,1.05621,24
2024-11-29 02:30:00,1.05621,1.05623,1.05616,1.05621,29
2024-11-29 02:31:00,1.05621,1.05629,1.05621,1.05625,22
2024-11-29 02:32:00,1.05624,1.05628,1.05622,1.05622,17
2024-11-29 02:33:00,1.05622,1.05639,1.05622,1.05638,25
2024-11-29 02:34:00,1.05638,1.05662,1.05638,1.05656,38
2024-11-29 02:35:00,1.05655,1.05661,1.05655,1.05661,30
2024-11-29 02:36:00,1.05661,1.05686,1.05661,1.05678,41
2024-11-29 02:37:00,1.05677,1.05714,1.05671,1.05713,44
2024-11-29 02:38:00,1.05713,1.05717,1.05691,1.05704,38
2024-11-29 02:39:00,1.05701,1.05711,1.0568,1.05681,35
2024-11-29 02:40:00,1.0568,1.05685,1.05679,1.05681,26
2024-11-29 02:41:00,1.05681,1.05682,1.05664,1.05674,20
2024-11-29 02:42:00,1.05673,1.05681,1.05673,1.05679,23
2024-11-29 02:43:00,1.05679,1.0571,1.05679,1.05704,37
2024-11-29 02:44:00,1.05705,1.05705,1.05692,1.05692,19
2024-11-29 02:45:00,1.05688,1.05691,1.05674,1.05675,33
2024-11-29 02:46:00,1.05677,1.05678,1.05649,1.05649,27
2024-11-29 02:47:00,1.05649,1.0565,1.05635,1.05635,20
2024-11-29 02:48:00,1.05635,1.05639,1.05626,1.05626,25
2024-11-29 02:49:00,1.05629,1.05629,1.05624,1.05626,24
2024-11-29 02:50:00,1.05625,1.05633,1.0562,1.05632,29
2024-11-29 02:51:00,1.05632,1.05634,1.0562,1.05623,23
2024-11-29 02:52:00,1.05623,1.05627,1.05611,1.05611,37
2024-11-29 02:53:00,1.0561,1.05624,1.05604,1.05621,28
2024-11-29 02:54:00,1.05622,1.05626,1.0561,1.05618,38
2024-11-29 02:55:00,1.05626,1.05626,1.05603,1.05621,41
2024-11-29 02:56:00,1.05621,1.05631,1.0562,1.05621,24
2024-11-29 02:57:00,1.05623,1.05631,1.05618,1.05631,28
2024-11-29 02:58:00,1.05633,1.05643,1.05622,1.05623,33
2024-11-29 02:59:00,1.05626,1.05642,1.05622,1.05624,42
2024-11-29 03:00:00,1.05625,1.05629,1.05618,1.05619,31
2024-11-29 03:01:00,1.0562,1.05635,1.05604,1.05607,43
2024-11-29 03:02:00,1.05606,1.05632,1.05606,1.05626,38
2024-11-29 03:03:00,1.05626,1.05661,1.05621,1.0565,54
2024-11-29 03:04:00,1.05646,1.0565,1.05636,1.05646,50
2024-11-29 03:05:00,1.05646,1.05676,1.05624,1.05675,64
2024-11-29 03:06:00,1.05674,1.05694,1.05662,1.05673,58
2024-11-29 03:07:00,1.05674,1.05687,1.05652,1.05653,57
2024-11-29 03:08:00,1.05654,1.05683,1.05653,1.05676,54
2024-11-29 03:09:00,1.05674,1.05687,1.05673,1.05674,57
2024-11-29 03:10:00,1.05674,1.05696,1.05674,1.05691,38
2024-11-29 03:11:00,1.05691,1.05726,1.05682,1.05726,67
2024-11-29 03:12:00,1.0572300000000001,1.0572300000000001,1.05697,1.057,57
2024-11-29 03:13:00,1.057,1.05725,1.05698,1.0572300000000001,48
2024-11-29 03:14:00,1.05724,1.05727,1.05699,1.05704,40
2024-11-29 03:15:00,1.05708,1.05708,1.05685,1.0569,50
2024-11-29 03:16:00,1.0569,1.0569,1.05661,1.05669,45
2024-11-29 03:17:00,1.05669,1.05675,1.05661,1.05666,48
2024-11-29 03:18:00,1.05665,1.0567,1.05665,1.05669,29
2024-11-29 03:19:00,1.0567,1.05679,1.05665,1.05675,48
2024-11-29 03:20:00,1.05675,1.05688,1.05675,1.05675,36
2024-11-29 03:21:00,1.05676,1.05693,1.05674,1.05692,42
2024-11-29 03:22:00,1.05696,1.05726,1.05689,1.05721,53
2024-11-29 03:23:00,1.05721,1.05746,1.05719,1.0573,50
2024-11-29 03:24:00,1.0573,1.05743,1.05717,1.05717,53
2024-11-29 03:25:00,1.05718,1.05731,1.05712,1.05731,46
2024-11-29 03:26:00,1.0573,1.05744,1.0571,1.05714,60
2024-11-29 03:27:00,1.05714,1.05715,1.05703,1.05703,32
2024-11-29 03:28:00,1.05702,1.05702,1.05694,1.05696,38
2024-11-29 03:29:00,1.05696,1.05705,1.05675,1.05681,54
2024-11-29 03:30:00,1.0568,1.0569,1.0567,1.05687,52
2024-11-29 03:31:00,1.05687,1.05691,1.05676,1.05691,56
2024-11-29 03:32:00,1.05687,1.05688,1.05679,1.05684,32
2024-11-29 03:33:00,1.05684,1.05686,1.05655,1.0566,35
2024-11-29 03:34:00,1.0566,1.0566,1.0564,1.05647,32
2024-11-29 03:35:00,1.0565,1.05651,1.05646,1.05649,24
2024-11-29 03:36:00,1.05649,1.05653,1.05637,1.05638,26
2024-11-29 03:37:00,1.05638,1.05648,1.05634,1.05644,30
2024-11-29 03:38:00,1.05644,1.05647,1.05637,1.05642,29
2024-11-29 03:39:00,1.05644,1.05645,1.05635,1.05641,29
2024-11-29 03:40:00,1.05641,1.05645,1.05635,1.05645,31
2024-11-29 03:41:00,1.05644,1.05653,1.05643,1.05645,16
2024-11-29 03:42:00,1.05646,1.05648,1.05634,1.05636,30
2024-11-29 03:43:00,1.05635,1.05641,1.05619,1.05624,38
2024-11-29 03:44:00,1.05625,1.05626,1.05613,1.05617,24
2024-11-29 03:45:00,1.0562,1.05633,1.05614,1.05614,45
2024-11-29 03:46:00,1.0561,1.05614,1.05605,1.05605,32
2024-11-29 03:47:00,1.05603,1.05606,1.056,1.05605,19
2024-11-29 03:48:00,1.05606,1.05608,1.05598,1.05605,31
2024-11-29 03:49:00,1.05605,1.05607,1.05586,1.0559,40
2024-11-29 03:50:00,1.05587,1.05591,1.05565,1.05578,43
2024-11-29 03:51:00,1.05578,1.05579,1.0557,1.05577,35
2024-11-29 03:52:00,1.05578,1.05578,1.05573,1.05578,26
2024-11-29 03:53:00,1.05577,1.05601,1.05574,1.05596,42
2024-11-29 03:54:00,1.05596,1.05605,1.05595,1.056,38
2024-11-29 03:55:00,1.056,1.05607,1.05596,1.05607,37
2024-11-29 03:56:00,1.05605,1.05606,1.05587,1.05587,33
2024-11-29 03:57:00,1.05588,1.0559,1.05573,1.05577,29
2024-11-29 03:58:00,1.05577,1.05593,1.05576,1.05591,40
2024-11-29 03:59:00,1.0559,1.056,1.05581,1.05598,47
2024-11-29 04:00:00,1.05597,1.0561,1.05592,1.05607,37
2024-11-29 04:01:00,1.05607,1.05611,1.05596,1.05597,30
2024-11-29 04:02:00,1.05597,1.05607,1.05589,1.05607,37
2024-11-29 04:03:00,1.05607,1.05621,1.05602,1.05621,35
2024-11-29 04:04:00,1.05618,1.0563,1.05609,1.05629,45
2024-11-29 04:05:00,1.05629,1.05639,1.05623,1.05637,27
2024-11-29 04:06:00,1.05637,1.05653,1.05637,1.05646,32
2024-11-29 04:07:00,1.05647,1.05659,1.05644,1.05654,28
2024-11-29 04:08:00,1.05653,1.05654,1.05647,1.05654,23
2024-11-29 04:09:00,1.05655,1.0567,1.05654,1.05669,43
2024-11-29 04:10:00,1.05669,1.05669,1.05664,1.05665,30
2024-11-29 04:11:00,1.05665,1.05668,1.05663,1.05664,22
2024-11-29 04:12:00,1.05664,1.05685,1.05664,1.05685,18
2024-11-29 04:13:00,1.05686,1.05688,1.05682,1.05686,32
2024-11-29 04:14:00,1.05686,1.05699,1.05684,1.05688,31
2024-11-29 04:15:00,1.05688,1.05688,1.05681,1.05681,20
2024-11-29 04:16:00,1.05681,1.05685,1.05678,1.05678,11
2024-11-29 04:17:00,1.05677,1.05691,1.05677,1.05681,21
2024-11-29 04:18:00,1.0568,1.0568,1.05652,1.05671,41
2024-11-29 04:19:00,1.05672,1.05678,1.05666,1.05675,27
2024-11-29 04:20:00,1.05675,1.0568,1.05665,1.05674,33
2024-11-29 04:21:00,1.05672,1.05691,1.0567,1.0569,22
2024-11-29 04:22:00,1.05689,1.057,1.05689,1.05695,25
2024-11-29 04:23:00,1.05695,1.05699,1.05689,1.05692,22
2024-11-29 04:24:00,1.0569,1.05692,1.05686,1.0569,22
2024-11-29 04:25:00,1.0569,1.05692,1.05688,1.05692,18
2024-11-29 04:26:00,1.05693,1.05698,1.05693,1.05695,20
2024-11-29 04:27:00,1.05694,1.05697,1.05689,1.05697,20
2024-11-29 04:28:00,1.05696,1.05697,1.05694,1.05694,25
2024-11-29 04:29:00,1.05693,1.05697,1.0569,1.05697,11
2024-11-29 04:30:00,1.05696,1.05714,1.05696,1.05705,36
2024-11-29 04:31:00,1.05702,1.05708,1.05694,1.05704,33
2024-11-29 04:32:00,1.05704,1.05711,1.05694,1.057,40
2024-11-29 04:33:00,1.05701,1.05711,1.057,1.0571,30
2024-11-29 04:34:00,1.05712,1.05724,1.0571,1.05719,28
2024-11-29 04:35:00,1.05718,1.0572,1.05713,1.05716,29
2024-11-29 04:36:00,1.05716,1.0572,1.05713,1.05716,17
2024-11-29 04:37:00,1.05715,1.0572,1.05713,1.0572,21
2024-11-29 04:38:00,1.0572,1.05734,1.0572,1.05734,19
2024-11-29 04:39:00,1.0573,1.05735,1.0573,1.05731,23
2024-11-29 04:40:00,1.05731,1.05731,1.05718,1.0573,25
2024-11-29 04:41:00,1.05729,1.05738,1.05727,1.05735,20
2024-11-29 04:42:00,1.05735,1.05735,1.05725,1.05729,21
2024-11-29 04:43:00,1.05728,1.0573,1.05715,1.05717,25
2024-11-29 04:44:00,1.05718,1.05733,1.05717,1.0573,27
2024-11-29 04:45:00,1.0573,1.05731,1.05725,1.05729,21
2024-11-29 04:46:00,1.05729,1.0573,1.05724,1.05725,21
2024-11-29 04:47:00,1.05724,1.05726,1.0572,1.0572300000000001,16
2024-11-29 04:48:00,1.0572300000000001,1.05725,1.05717,1.05721,30
2024-11-29 04:49:00,1.05719,1.05721,1.05701,1.05702,31
2024-11-29 04:50:00,1.05702,1.05702,1.0569,1.0569,25
2024-11-29 04:51:00,1.0569,1.0569,1.05675,1.05676,22
2024-11-29 04:52:00,1.05675,1.05681,1.05673,1.05681,19
2024-11-29 04:53:00,1.05682,1.05683,1.05678,1.05683,16
2024-11-29 04:54:00,1.05689,1.05702,1.05685,1.05685,22
2024-11-29 04:55:00,1.05685,1.0569,1.05683,1.05687,20
2024-11-29 04:56:00,1.05686,1.05699,1.05686,1.05692,24
2024-11-29 04:57:00,1.05692,1.05694,1.0568,1.05694,23
2024-11-29 04:58:00,1.05694,1.0571,1.0569,1.05709,16
2024-11-29 04:59:00,1.05709,1.05712,1.05705,1.05709,23
2024-11-29 05:00:00,1.05709,1.05718,1.05709,1.05715,14
2024-11-29 05:01:00,1.05719,1.05719,1.05698,1.05699,19
2024-11-29 05:02:00,1.057,1.0570599999999999,1.05686,1.05693,24
2024-11-29 05:03:00,1.05693,1.05698,1.0569,1.0569,15
2024-11-29 05:04:00,1.0569,1.05699,1.0569,1.05699,34
2024-11-29 05:05:00,1.057,1.0571,1.057,1.0571,24
2024-11-29 05:06:00,1.05709,1.05711,1.05695,1.05699,20
2024-11-29 05:07:00,1.057,1.05708,1.05698,1.05704,15
2024-11-29 05:08:00,1.05703,1.0571,1.05703,1.05707,24
2024-11-29 05:09:00,1.05707,1.05709,1.057,1.05703,15
2024-11-29 05:10:00,1.05701,1.05703,1.05695,1.057,17
2024-11-29 05:11:00,1.05693,1.05694,1.05689,1.0569,16
2024-11-29 05:12:00,1.0569,1.05692,1.05678,1.05678,25
2024-11-29 05:13:00,1.05678,1.0568,1.0567,1.05673,27
2024-11-29 05:14:00,1.05673,1.05676,1.05669,1.0567,25
2024-11-29 05:15:00,1.0567,1.05677,1.0567,1.05675,17
2024-11-29 05:16:00,1.05676,1.05676,1.05672,1.05675,21
2024-11-29 05:17:00,1.05676,1.05676,1.05669,1.0567,20
2024-11-29 05:18:00,1.05669,1.0568,1.05669,1.05677,15
2024-11-29 05:19:00,1.05677,1.0568,1.05675,1.05677,17
2024-11-29 05:20:00,1.05677,1.05678,1.05668,1.05675,23
2024-11-29 05:21:00,1.05674,1.05677,1.0567,1.05672,16
2024-11-29 05:22:00,1.05672,1.05681,1.0567,1.05678,27
2024-11-29 05:23:00,1.0568,1.05682,1.05675,1.05675,19
2024-11-29 05:24:00,1.05675,1.05675,1.0567,1.0567,24
2024-11-29 05:25:00,1.05671,1.05673,1.05667,1.0567,12
2024-11-29 05:26:00,1.05669,1.05671,1.05665,1.05667,26
2024-11-29 05:27:00,1.05667,1.05668,1.0566,1.0566,16
2024-11-29 05:28:00,1.0566,1.05667,1.0566,1.05667,14
2024-11-29 05:29:00,1.05667,1.05685,1.05666,1.05682,28
2024-11-29 05:30:00,1.05682,1.05685,1.05679,1.05684,19
2024-11-29 05:31:00,1.05683,1.05694,1.05683,1.05693,18
2024-11-29 05:32:00,1.05693,1.05694,1.0567,1.05671,23
2024-11-29 05:33:00,1.05671,1.05675,1.0567,1.05671,29
2024-11-29 05:34:00,1.0567,1.05675,1.0567,1.05674,17
2024-11-29 05:35:00,1.05675,1.05686,1.05674,1.05685,23
2024-11-29 05:36:00,1.05685,1.05685,1.05683,1.05684,17
2024-11-29 05:37:00,1.05685,1.0569,1.05684,1.05688,19
2024-11-29 05:38:00,1.05688,1.0569,1.05684,1.05688,26
2024-11-29 05:39:00,1.05688,1.0569,1.05679,1.0568,27
2024-11-29 05:40:00,1.0568,1.0568,1.05669,1.0567,19
2024-11-29 05:41:00,1.0567,1.05676,1.05668,1.05675,12
2024-11-29 05:42:00,1.05674,1.0568,1.05673,1.0568,7
2024-11-29 05:43:00,1.0568,1.057,1.0568,1.057,16
2024-11-29 05:44:00,1.05703,1.05726,1.05703,1.05725,34
2024-11-29 05:45:00,1.05726,1.05741,1.05725,1.05739,36
2024-11-29 05:46:00,1.05739,1.05741,1.05738,1.05739,13
2024-11-29 05:47:00,1.0574,1.05741,1.05735,1.05735,16
2024-11-29 05:48:00,1.05735,1.05735,1.05726,1.05726,18
2024-11-29 05:49:00,1.05726,1.05757,1.05726,1.0575,35
2024-11-29 05:50:00,1.0575,1.05754,1.05734,1.05736,39
2024-11-29 05:51:00,1.05735,1.05745,1.0573,1.0573,29
2024-11-29 05:52:00,1.0573,1.0573,1.05721,1.05727,17
2024-11-29 05:53:00,1.05726,1.0573,1.05725,1.0573,17
2024-11-29 05:54:00,1.0573,1.05747,1.05727,1.05747,20
2024-11-29 05:55:00,1.05745,1.05747,1.05736,1.05737,21
2024-11-29 05:56:00,1.05736,1.05736,1.05728,1.05729,26
2024-11-29 05:57:00,1.05729,1.05733,1.05725,1.05729,23
2024-11-29 05:58:00,1.0573,1.05736,1.05728,1.05728,18
2024-11-29 05:59:00,1.05728,1.05741,1.05725,1.05736,26
2024-11-29 06:00:00,1.05736,1.0574,1.05735,1.0574,22
2024-11-29 06:01:00,1.05739,1.0574,1.05731,1.05731,21
2024-11-29 06:02:00,1.05731,1.05733,1.05721,1.05724,15
2024-11-29 06:03:00,1.05724,1.05729,1.05719,1.05729,20
2024-11-29 06:04:00,1.05728,1.05729,1.05725,1.05728,17
2024-11-29 06:05:00,1.05727,1.05728,1.05714,1.05714,19
2024-11-29 06:06:00,1.05715,1.05715,1.05712,1.05715,15
2024-11-29 06:07:00,1.05715,1.05718,1.05707,1.05718,20
2024-11-29 06:08:00,1.05718,1.05718,1.05709,1.05711,20
2024-11-29 06:09:00,1.05712,1.05718,1.0571,1.05717,14
2024-11-29 06:10:00,1.05717,1.05719,1.05712,1.05715,16
2024-11-29 06:11:00,1.05714,1.05714,1.057,1.05702,13
2024-11-29 06:12:00,1.05702,1.05705,1.05702,1.05705,14
2024-11-29 06:13:00,1.05709,1.05724,1.05709,1.05718,24
2024-11-29 06:14:00,1.05717,1.0572,1.05714,1.0572,21
2024-11-29 06:15:00,1.0572,1.05738,1.0572,1.05725,31
2024-11-29 06:16:00,1.05724,1.0574,1.05724,1.0574,19
2024-11-29 06:17:00,1.0574,1.05745,1.05738,1.05738,12
2024-11-29 06:18:00,1.05734,1.05734,1.05725,1.05727,18
2024-11-29 06:19:00,1.05725,1.05735,1.0572,1.05735,17
2024-11-29 06:20:00,1.05734,1.05735,1.0573,1.05731,11
2024-11-29 06:21:00,1.05729,1.0574,1.05727,1.05738,15
2024-11-29 06:22:00,1.05735,1.05736,1.05733,1.05736,15
2024-11-29 06:23:00,1.05735,1.05766,1.05735,1.05766,30
2024-11-29 06:24:00,1.05764,1.0576699999999999,1.05754,1.05765,26
2024-11-29 06:25:00,1.05764,1.05766,1.0574,1.05743,21
2024-11-29 06:26:00,1.05741,1.05745,1.05739,1.05742,21
2024-11-29 06:27:00,1.05742,1.05744,1.05739,1.05739,12
2024-11-29 06:28:00,1.05739,1.05742,1.05732,1.05734,15
2024-11-29 06:29:00,1.05734,1.0574,1.05734,1.05739,31
2024-11-29 06:30:00,1.05739,1.05744,1.05727,1.05727,19
2024-11-29 06:31:00,1.05724,1.05725,1.05711,1.05712,18
2024-11-29 06:32:00,1.05713,1.05716,1.05709,1.05714,26
2024-11-29 06:33:00,1.05714,1.05714,1.05705,1.05705,12
2024-11-29 06:34:00,1.05705,1.05714,1.05704,1.05709,13
2024-11-29 06:35:00,1.0571,1.05719,1.0571,1.05719,12
2024-11-29 06:36:00,1.05719,1.0572,1.05718,1.05719,24
2024-11-29 06:37:00,1.05719,1.05719,1.05715,1.05716,9
2024-11-29 06:38:00,1.05716,1.05718,1.05709,1.05711,20
2024-11-29 06:39:00,1.0571,1.0571,1.05694,1.05694,23
2024-11-29 06:40:00,1.05695,1.05695,1.05684,1.05685,13
2024-11-29 06:41:00,1.05685,1.0569,1.05685,1.05687,13
2024-11-29 06:42:00,1.05684,1.05691,1.05684,1.0569,21
2024-11-29 06:43:00,1.05689,1.05692,1.05687,1.05687,9
2024-11-29 06:44:00,1.05687,1.0569,1.05687,1.05689,13
2024-11-29 06:45:00,1.05689,1.05696,1.05689,1.05689,13
2024-11-29 06:46:00,1.05689,1.05691,1.05683,1.05684,28
2024-11-29 06:47:00,1.05684,1.05694,1.05684,1.05688,18
2024-11-29 06:48:00,1.05688,1.05689,1.05686,1.05688,15
2024-11-29 06:49:00,1.05689,1.0569,1.05685,1.05688,10
2024-11-29 06:50:00,1.05687,1.0569,1.05684,1.0569,12
2024-11-29 06:51:00,1.0569,1.05701,1.0569,1.0569,18
2024-11-29 06:52:00,1.0569,1.05693,1.0569,1.05692,8
2024-11-29 06:53:00,1.05692,1.05692,1.0569,1.0569,15
2024-11-29 06:54:00,1.05692,1.05692,1.05689,1.0569,6
2024-11-29 06:55:00,1.05689,1.05694,1.05689,1.05693,11
2024-11-29 06:56:00,1.05693,1.05699,1.05689,1.05697,13
2024-11-29 06:57:00,1.05699,1.05705,1.05698,1.05701,17
2024-11-29 06:58:00,1.057,1.057,1.05695,1.05699,9
2024-11-29 06:59:00,1.05699,1.057,1.05697,1.05698,16
2024-11-29 07:00:00,1.05698,1.05699,1.05691,1.05692,30
2024-11-29 07:01:00,1.05692,1.05704,1.0569,1.05703,24
2024-11-29 07:02:00,1.05703,1.05703,1.05697,1.05697,24
2024-11-29 07:03:00,1.05695,1.05702,1.05695,1.05702,20
2024-11-29 07:04:00,1.05703,1.0571,1.05702,1.0571,30
2024-11-29 07:05:00,1.0571,1.0571,1.057,1.057,20
2024-11-29 07:06:00,1.05701,1.05701,1.05696,1.05697,18
2024-11-29 07:07:00,1.05699,1.05705,1.05696,1.05705,27
2024-11-29 07:08:00,1.0570599999999999,1.05711,1.05702,1.05705,25
2024-11-29 07:09:00,1.05705,1.05708,1.05701,1.05705,30
2024-11-29 07:10:00,1.05698,1.057,1.05695,1.05697,31
2024-11-29 07:11:00,1.05698,1.05701,1.05696,1.057,28
2024-11-29 07:12:00,1.057,1.0571,1.05696,1.05709,28
2024-11-29 07:13:00,1.05709,1.05715,1.05709,1.05714,19
2024-11-29 07:14:00,1.05715,1.05721,1.05715,1.05718,24
2024-11-29 07:15:00,1.05718,1.05732,1.05717,1.05729,34
2024-11-29 07:16:00,1.05729,1.05729,1.05714,1.05714,24
2024-11-29 07:17:00,1.05715,1.05715,1.05708,1.05708,22
2024-11-29 07:18:00,1.0571,1.05721,1.05708,1.0572,21
2024-11-29 07:19:00,1.0572,1.05725,1.05715,1.05716,28
2024-11-29 07:20:00,1.05716,1.05716,1.05711,1.05715,9
2024-11-29 07:21:00,1.05715,1.0572,1.05715,1.05718,24
2024-11-29 07:22:00,1.05716,1.05728,1.05716,1.05718,32
2024-11-29 07:23:00,1.0572,1.05725,1.05714,1.05725,18
2024-11-29 07:24:00,1.05722,1.05725,1.05719,1.05724,26
2024-11-29 07:25:00,1.05725,1.05735,1.0572300000000001,1.05726,38
2024-11-29 07:26:00,1.05725,1.05737,1.05725,1.05735,20
2024-11-29 07:27:00,1.05735,1.05741,1.05733,1.05738,23
2024-11-29 07:28:00,1.05738,1.05738,1.05732,1.05733,19
2024-11-29 07:29:00,1.05733,1.05733,1.05721,1.05721,24
2024-11-29 07:30:00,1.05721,1.05721,1.05714,1.05714,31
2024-11-29 07:31:00,1.05715,1.05715,1.05703,1.0571,26
2024-11-29 07:32:00,1.05709,1.05709,1.05705,1.05708,15
2024-11-29 07:33:00,1.05707,1.05708,1.05696,1.05705,30
2024-11-29 07:34:00,1.05704,1.05705,1.05699,1.057,17
2024-11-29 07:35:00,1.05701,1.05701,1.05695,1.05698,40
2024-11-29 07:36:00,1.05699,1.05699,1.05679,1.05686,34
2024-11-29 07:37:00,1.05686,1.05696,1.05684,1.05694,25
2024-11-29 07:38:00,1.05695,1.057,1.05694,1.05695,19
2024-11-29 07:39:00,1.057,1.05705,1.057,1.05704,22
2024-11-29 07:40:00,1.05705,1.0570599999999999,1.05697,1.05697,22
2024-11-29 07:41:00,1.05697,1.05697,1.05686,1.0569,18
2024-11-29 07:42:00,1.0569,1.05695,1.05687,1.05693,20
2024-11-29 07:43:00,1.05693,1.05705,1.05693,1.057,14
2024-11-29 07:44:00,1.057,1.05707,1.05699,1.0570599999999999,15
2024-11-29 07:45:00,1.05705,1.0571,1.05698,1.05705,23
2024-11-29 07:46:00,1.05703,1.05713,1.05702,1.05712,23
2024-11-29 07:47:00,1.05712,1.05721,1.05712,1.0572,15
2024-11-29 07:48:00,1.0572,1.0572,1.05698,1.05699,28
2024-11-29 07:49:00,1.05698,1.05705,1.05682,1.05685,28
2024-11-29 07:50:00,1.05684,1.05685,1.05679,1.05679,29
2024-11-29 07:51:00,1.0568,1.05686,1.05674,1.05674,19
2024-11-29 07:52:00,1.05675,1.05677,1.05661,1.05669,20
2024-11-29 07:53:00,1.05669,1.05683,1.05669,1.05683,16
2024-11-29 07:54:00,1.05683,1.05688,1.05681,1.05688,14
2024-11-29 07:55:00,1.05687,1.05696,1.05687,1.05695,22
2024-11-29 07:56:00,1.05696,1.05703,1.05684,1.05684,25
2024-11-29 07:57:00,1.05685,1.05691,1.05683,1.0569,27
2024-11-29 07:58:00,1.0569,1.05692,1.05682,1.05685,27
2024-11-29 07:59:00,1.05685,1.05685,1.05676,1.05679,27
2024-11-29 08:00:00,1.05675,1.05679,1.0566,1.05676,41
2024-11-29 08:01:00,1.05676,1.05682,1.05674,1.05681,20
2024-11-29 08:02:00,1.05681,1.0569,1.05678,1.05688,24
2024-11-29 08:03:00,1.05688,1.05691,1.05681,1.0569,19
2024-11-29 08:04:00,1.0569,1.05695,1.05687,1.05687,20
2024-11-29 08:05:00,1.05686,1.05687,1.05678,1.0568,13
2024-11-29 08:06:00,1.05677,1.05691,1.05677,1.05691,13
2024-11-29 08:07:00,1.05692,1.05695,1.05689,1.05689,22
2024-11-29 08:08:00,1.05683,1.05686,1.05676,1.05679,23
2024-11-29 08:09:00,1.0568,1.05695,1.0568,1.05694,20
2024-11-29 08:10:00,1.05696,1.05696,1.0569,1.05693,17
2024-11-29 08:11:00,1.05692,1.05693,1.05655,1.05655,27
2024-11-29 08:12:00,1.05655,1.05657,1.05651,1.05654,23
2024-11-29 08:13:00,1.05654,1.05657,1.05652,1.05656,22
2024-11-29 08:14:00,1.05656,1.05669,1.05651,1.05667,33
2024-11-29 08:15:00,1.05669,1.05676,1.05668,1.05673,30
2024-11-29 08:16:00,1.05674,1.05679,1.05674,1.05679,24
2024-11-29 08:17:00,1.05681,1.05689,1.0568,1.05684,19
2024-11-29 08:18:00,1.05683,1.05688,1.05678,1.05687,18
2024-11-29 08:19:00,1.05687,1.05695,1.05682,1.05684,23
2024-11-29 08:20:00,1.05684,1.05692,1.05684,1.0569,14
2024-11-29 08:21:00,1.05689,1.0569,1.05684,1.05689,22
2024-11-29 08:22:00,1.0569,1.05697,1.05689,1.05694,19
2024-11-29 08:23:00,1.05694,1.05696,1.05679,1.05682,27
2024-11-29 08:24:00,1.05686,1.0569,1.05684,1.05689,19
2024-11-29 08:25:00,1.05689,1.05696,1.05688,1.05696,18
2024-11-29 08:26:00,1.05697,1.05717,1.05697,1.05717,22
2024-11-29 08:27:00,1.05715,1.05719,1.05707,1.05707,20
2024-11-29 08:28:00,1.05707,1.05719,1.05703,1.05714,31
2024-11-29 08:29:00,1.05715,1.0572,1.0571,1.0572,31
2024-11-29 08:30:00,1.05719,1.0574,1.05718,1.05739,32
2024-11-29 08:31:00,1.05739,1.05755,1.05739,1.05753,27
2024-11-29 08:32:00,1.05754,1.05756,1.05743,1.05755,27
2024-11-29 08:33:00,1.05754,1.05755,1.05743,1.05744,26
2024-11-29 08:34:00,1.05744,1.05748,1.05739,1.05742,27
2024-11-29 08:35:00,1.0574,1.05745,1.0573,1.0574,24
2024-11-29 08:36:00,1.05741,1.05749,1.0574,1.05749,19
2024-11-29 08:37:00,1.05749,1.05751,1.05746,1.0575,19
2024-11-29 08:38:00,1.0575,1.05753,1.05744,1.05748,24
2024-11-29 08:39:00,1.05744,1.05745,1.05732,1.05738,25
2024-11-29 08:40:00,1.05737,1.05737,1.05719,1.05725,33
2024-11-29 08:41:00,1.05724,1.05739,1.05724,1.05738,25
2024-11-29 08:42:00,1.05735,1.05741,1.05734,1.05741,19
2024-11-29 08:43:00,1.05741,1.05743,1.05732,1.05737,35
2024-11-29 08:44:00,1.05738,1.0575,1.05737,1.05747,32
2024-11-29 08:45:00,1.05749,1.0576,1.05747,1.0576,29
2024-11-29 08:46:00,1.0576,1.0576,1.05746,1.05754,27
2024-11-29 08:47:00,1.05755,1.05759,1.05748,1.05754,17
2024-11-29 08:48:00,1.05759,1.05765,1.05755,1.05759,28
2024-11-29 08:49:00,1.05759,1.05768,1.05757,1.05758,27
2024-11-29 08:50:00,1.05758,1.05765,1.05756,1.05757,26
2024-11-29 08:51:00,1.05757,1.05761,1.05749,1.0575,16
2024-11-29 08:52:00,1.05749,1.05751,1.05739,1.05749,27
2024-11-29 08:53:00,1.0575,1.05755,1.05742,1.05755,25
2024-11-29 08:54:00,1.05755,1.0576699999999999,1.05745,1.0576699999999999,28
2024-11-29 08:55:00,1.05766,1.05786,1.05766,1.0578400000000001,24
2024-11-29 08:56:00,1.05785,1.05797,1.05781,1.05794,44
2024-11-29 08:57:00,1.05793,1.05805,1.05792,1.05799,28
2024-11-29 08:58:00,1.05799,1.05804,1.05796,1.05796,19
2024-11-29 08:59:00,1.05795,1.05802,1.05795,1.05801,28
2024-11-29 09:00:00,1.05803,1.05823,1.05785,1.05815,51
2024-11-29 09:01:00,1.05815,1.0582,1.05805,1.05816,29
2024-11-29 09:02:00,1.05815,1.05826,1.0578400000000001,1.05787,59
2024-11-29 09:03:00,1.05786,1.05822,1.05785,1.05818,43
2024-11-29 09:04:00,1.05818,1.05819,1.05805,1.05805,43
2024-11-29 09:05:00,1.05805,1.0582,1.05801,1.0582,49
2024-11-29 09:06:00,1.05819,1.05819,1.0578400000000001,1.05785,45
2024-11-29 09:07:00,1.05785,1.05806,1.0578400000000001,1.05806,49
2024-11-29 09:08:00,1.05805,1.05817,1.05802,1.05815,32
2024-11-29 09:09:00,1.05814,1.05815,1.05803,1.05808,29
2024-11-29 09:10:00,1.05804,1.05816,1.058,1.05802,29
2024-11-29 09:11:00,1.05801,1.0581,1.05792,1.05792,33
2024-11-29 09:12:00,1.0579,1.05811,1.05789,1.05806,26
2024-11-29 09:13:00,1.05807,1.05821,1.05804,1.05821,36
2024-11-29 09:14:00,1.05821,1.05851,1.0582,1.05851,39
2024-11-29 09:15:00,1.05852,1.05865,1.0584500000000001,1.05862,54
2024-11-29 09:16:00,1.05865,1.05865,1.05841,1.05842,44
2024-11-29 09:17:00,1.05841,1.05842,1.05814,1.05827,52
2024-11-29 09:18:00,1.05827,1.05846,1.05825,1.0584,43
2024-11-29 09:19:00,1.05839,1.05853,1.05839,1.0584500000000001,39
2024-11-29 09:20:00,1.05846,1.05858,1.05844,1.05854,36
2024-11-29 09:21:00,1.05855,1.05878,1.0585,1.05877,39
2024-11-29 09:22:00,1.05875,1.05879,1.05866,1.05873,38
2024-11-29 09:23:00,1.05874,1.05877,1.05868,1.05877,29
2024-11-29 09:24:00,1.05877,1.05888,1.05874,1.05888,40
2024-11-29 09:25:00,1.05887,1.05897,1.05886,1.05891,36
2024-11-29 09:26:00,1.0589,1.05932,1.0589,1.05921,50
2024-11-29 09:27:00,1.05921,1.05928,1.0591,1.05924,57
2024-11-29 09:28:00,1.05924,1.05936,1.05917,1.05935,54
2024-11-29 09:29:00,1.05935,1.0597,1.05935,1.0594999999999999,65
2024-11-29 09:30:00,1.0594999999999999,1.0594999999999999,1.05911,1.05911,54
2024-11-29 09:31:00,1.05908,1.05924,1.05869,1.05898,66
2024-11-29 09:32:00,1.05898,1.05902,1.05865,1.05892,57
2024-11-29 09:33:00,1.05891,1.05891,1.05869,1.05879,56
2024-11-29 09:34:00,1.05875,1.05881,1.05859,1.05862,52
2024-11-29 09:35:00,1.05863,1.05867,1.05834,1.05835,57
2024-11-29 09:36:00,1.05829,1.05829,1.05812,1.05819,48
2024-11-29 09:37:00,1.05818,1.05824,1.05811,1.05814,30
2024-11-29 09:38:00,1.05813,1.0582799999999999,1.05807,1.05824,33
2024-11-29 09:39:00,1.05824,1.05824,1.05808,1.05809,35
2024-11-29 09:40:00,1.05808,1.0582,1.058,1.05805,39
2024-11-29 09:41:00,1.05804,1.05804,1.05788,1.05798,35
2024-11-29 09:42:00,1.05799,1.05811,1.05796,1.05804,42
2024-11-29 09:43:00,1.05795,1.05811,1.05794,1.05795,39
2024-11-29 09:44:00,1.05795,1.05808,1.05788,1.05792,45
2024-11-29 09:45:00,1.05793,1.05814,1.05751,1.05814,79
2024-11-29 09:46:00,1.05815,1.0584,1.05803,1.05838,63
2024-11-29 09:47:00,1.05838,1.0585,1.05824,1.05849,51
2024-11-29 09:48:00,1.05848,1.0588,1.0584,1.05874,55
2024-11-29 09:49:00,1.05874,1.05874,1.05835,1.0584,52
2024-11-29 09:50:00,1.05839,1.05856,1.0582799999999999,1.0585,45
2024-11-29 09:51:00,1.05849,1.05857,1.0584,1.05855,49
2024-11-29 09:52:00,1.05855,1.0588,1.05833,1.0588,51
2024-11-29 09:53:00,1.0588,1.0588,1.05847,1.05856,51
2024-11-29 09:54:00,1.05856,1.05856,1.0581,1.0582,59
2024-11-29 09:55:00,1.05815,1.05815,1.05791,1.05791,64
2024-11-29 09:56:00,1.0579,1.05795,1.0576699999999999,1.05775,63
2024-11-29 09:57:00,1.05774,1.05786,1.0576699999999999,1.05776,50
2024-11-29 09:58:00,1.05775,1.05803,1.05774,1.058,55
2024-11-29 09:59:00,1.05799,1.05805,1.05785,1.05793,54
2024-11-29 10:00:00,1.05793,1.05819,1.05787,1.05801,55
2024-11-29 10:01:00,1.05801,1.05801,1.05785,1.05794,49
2024-11-29 10:02:00,1.05793,1.05793,1.05759,1.0576,45
2024-11-29 10:03:00,1.05759,1.05768,1.05757,1.05759,44
2024-11-29 10:04:00,1.05759,1.05761,1.05744,1.05753,52
2024-11-29 10:05:00,1.05746,1.05752,1.05739,1.0574,38
2024-11-29 10:06:00,1.05738,1.05741,1.05716,1.05721,49
2024-11-29 10:07:00,1.05715,1.05744,1.05715,1.05737,49
2024-11-29 10:08:00,1.05738,1.05738,1.05725,1.05726,47
2024-11-29 10:09:00,1.0573,1.05738,1.0572,1.05736,52
2024-11-29 10:10:00,1.05736,1.05752,1.05735,1.05743,50
2024-11-29 10:11:00,1.05743,1.05743,1.0572,1.05724,48
2024-11-29 10:12:00,1.05724,1.05724,1.0571,1.05714,43
2024-11-29 10:13:00,1.05715,1.05718,1.057,1.057,51
2024-11-29 10:14:00,1.05699,1.05701,1.05669,1.05669,50
2024-11-29 10:15:00,1.0567,1.05675,1.05638,1.05654,61
2024-11-29 10:16:00,1.0565,1.05681,1.05645,1.05681,38
2024-11-29 10:17:00,1.0568,1.05693,1.05667,1.0569,54
2024-11-29 10:18:00,1.05693,1.05696,1.05676,1.05686,55
2024-11-29 10:19:00,1.05687,1.05691,1.05679,1.05691,37
2024-11-29 10:20:00,1.05691,1.05711,1.05688,1.0571,54
2024-11-29 10:21:00,1.05711,1.05711,1.05661,1.05661,49
2024-11-29 10:22:00,1.05656,1.05665,1.05645,1.05646,47
2024-11-29 10:23:00,1.05647,1.05685,1.05645,1.05685,46
2024-11-29 10:24:00,1.05684,1.0569,1.05658,1.05664,49
2024-11-29 10:25:00,1.05666,1.05697,1.05665,1.05695,54
2024-11-29 10:26:00,1.05695,1.0570599999999999,1.05685,1.0570599999999999,38
2024-11-29 10:27:00,1.05705,1.0570599999999999,1.05694,1.05705,40
2024-11-29 10:28:00,1.05705,1.0571,1.0568,1.05696,54
2024-11-29 10:29:00,1.05697,1.05713,1.05692,1.05692,54
2024-11-29 10:30:00,1.05691,1.05712,1.05685,1.05704,41
2024-11-29 10:31:00,1.05705,1.05709,1.05688,1.05689,49
2024-11-29 10:32:00,1.05688,1.0569,1.05664,1.05689,53
2024-11-29 10:33:00,1.05689,1.05691,1.05674,1.05687,50
2024-11-29 10:34:00,1.05687,1.05689,1.05677,1.0568,44
2024-11-29 10:35:00,1.05681,1.05697,1.05679,1.05695,38
2024-11-29 10:36:00,1.05694,1.05696,1.05673,1.05676,45
2024-11-29 10:37:00,1.05676,1.05695,1.0567,1.05695,43
2024-11-29 10:38:00,1.05697,1.057,1.0568,1.05695,39
2024-11-29 10:39:00,1.05694,1.05705,1.05691,1.05696,35
2024-11-29 10:40:00,1.05695,1.05699,1.05684,1.05688,40
2024-11-29 10:41:00,1.05688,1.05691,1.05682,1.05686,35
2024-11-29 10:42:00,1.05686,1.05698,1.05682,1.05695,33
2024-11-29 10:43:00,1.05696,1.05697,1.05685,1.05691,40
2024-11-29 10:44:00,1.05691,1.05692,1.05675,1.05675,36
2024-11-29 10:45:00,1.05673,1.05695,1.05665,1.0569,43
2024-11-29 10:46:00,1.0569,1.05693,1.0567,1.05679,46
2024-11-29 10:47:00,1.0568,1.05687,1.05669,1.0568,45
2024-11-29 10:48:00,1.05679,1.0571,1.05675,1.05705,53
2024-11-29 10:49:00,1.0570599999999999,1.05731,1.0570599999999999,1.05725,52
2024-11-29 10:50:00,1.05725,1.05776,1.05725,1.05775,42
2024-11-29 10:51:00,1.05772,1.05775,1.0576,1.05772,42
2024-11-29 10:52:00,1.05775,1.05775,1.05759,1.05768,28
2024-11-29 10:53:00,1.0576,1.05763,1.05731,1.05737,35
2024-11-29 10:54:00,1.05739,1.05739,1.05726,1.05726,16
2024-11-29 10:55:00,1.05726,1.05745,1.05718,1.05738,48
2024-11-29 10:56:00,1.05738,1.05752,1.05736,1.0574,31
2024-11-29 10:57:00,1.0574,1.0574,1.0570599999999999,1.05707,42
2024-11-29 10:58:00,1.0570599999999999,1.05707,1.05685,1.05696,49
2024-11-29 10:59:00,1.057,1.05705,1.05687,1.05699,42
2024-11-29 11:00:00,1.05703,1.05721,1.05688,1.05714,65
2024-11-29 11:01:00,1.05714,1.0573,1.057,1.05715,59
2024-11-29 11:02:00,1.05717,1.05733,1.05714,1.05732,48
2024-11-29 11:03:00,1.05739,1.05755,1.05733,1.05755,50
2024-11-29 11:04:00,1.05755,1.05761,1.05645,1.05685,101
2024-11-29 11:05:00,1.05687,1.0574,1.05685,1.05734,76
2024-11-29 11:06:00,1.05729,1.05759,1.05726,1.05745,53
2024-11-29 11:07:00,1.05737,1.05751,1.0573,1.05746,58
2024-11-29 11:08:00,1.05746,1.05758,1.0574,1.05756,52
2024-11-29 11:09:00,1.05755,1.05759,1.05746,1.05757,57
2024-11-29 11:10:00,1.05757,1.05815,1.05752,1.05785,48
2024-11-29 11:11:00,1.05785,1.05788,1.05759,1.0578,62
2024-11-29 11:12:00,1.05779,1.058,1.05776,1.05785,71
2024-11-29 11:13:00,1.05782,1.05791,1.05769,1.05789,56
2024-11-29 11:14:00,1.05787,1.05797,1.05774,1.05797,52
2024-11-29 11:15:00,1.05795,1.05797,1.0578,1.05782,55
2024-11-29 11:16:00,1.05792,1.05794,1.05758,1.05769,37
2024-11-29 11:17:00,1.0577,1.05776,1.05765,1.05773,26
2024-11-29 11:18:00,1.0577,1.05775,1.05763,1.05769,27
2024-11-29 11:19:00,1.05768,1.05775,1.05757,1.0576,33
2024-11-29 11:20:00,1.0576,1.0577,1.05753,1.05766,33
2024-11-29 11:21:00,1.05766,1.05766,1.05735,1.05737,38
2024-11-29 11:22:00,1.05735,1.05739,1.05711,1.05717,39
2024-11-29 11:23:00,1.05716,1.05716,1.05693,1.0570599999999999,45
2024-11-29 11:24:00,1.05709,1.05736,1.05701,1.05734,48
2024-11-29 11:25:00,1.0573,1.05733,1.0571,1.05712,48
2024-11-29 11:26:00,1.05712,1.05728,1.0571,1.05715,37
2024-11-29 11:27:00,1.05715,1.05719,1.05708,1.0571,25
2024-11-29 11:28:00,1.05709,1.0571,1.05699,1.05699,24
2024-11-29 11:29:00,1.057,1.0572,1.05698,1.05704,28
2024-11-29 11:30:00,1.05704,1.05715,1.05688,1.0571,46
2024-11-29 11:31:00,1.05707,1.05709,1.05698,1.05701,19
2024-11-29 11:32:00,1.05702,1.05702,1.05677,1.05682,34
2024-11-29 11:33:00,1.05685,1.05698,1.05669,1.05669,39
2024-11-29 11:34:00,1.05669,1.05672,1.05661,1.05665,40
2024-11-29 11:35:00,1.05666,1.05668,1.0566,1.0566,36
2024-11-29 11:36:00,1.0566,1.0566,1.05617,1.05619,40
2024-11-29 11:37:00,1.05619,1.05621,1.056,1.05605,58
2024-11-29 11:38:00,1.05605,1.05606,1.0559,1.05598,44
2024-11-29 11:39:00,1.05597,1.05623,1.05593,1.05603,58
2024-11-29 11:40:00,1.05604,1.05604,1.05589,1.0559,38
2024-11-29 11:41:00,1.0559,1.0559,1.05519,1.05541,61
2024-11-29 11:42:00,1.05541,1.05558,1.05523,1.05555,66
2024-11-29 11:43:00,1.05554,1.05578,1.05554,1.05572,49
2024-11-29 11:44:00,1.05575,1.05591,1.05568,1.05575,51
2024-11-29 11:45:00,1.05576,1.05586,1.05569,1.0558,61
2024-11-29 11:46:00,1.05581,1.05595,1.0557,1.05595,36
2024-11-29 11:47:00,1.05589,1.05599,1.05578,1.05594,46
2024-11-29 11:48:00,1.05595,1.05604,1.05589,1.056,49
2024-11-29 11:49:00,1.05601,1.05611,1.05599,1.05608,28
2024-11-29 11:50:00,1.0561,1.0562,1.05576,1.0558,52
2024-11-29 11:51:00,1.0558,1.05615,1.05579,1.05615,44
2024-11-29 11:52:00,1.05615,1.05621,1.05609,1.05609,57
2024-11-29 11:53:00,1.05612,1.05626,1.05604,1.05623,44
2024-11-29 11:54:00,1.05622,1.05623,1.05574,1.05591,47
2024-11-29 11:55:00,1.05591,1.05605,1.05576,1.056,49
2024-11-29 11:56:00,1.056,1.056,1.05579,1.05584,40
2024-11-29 11:57:00,1.05583,1.05604,1.05583,1.05586,35
2024-11-29 11:58:00,1.05585,1.05585,1.05571,1.05571,40
2024-11-29 11:59:00,1.05571,1.05573,1.05562,1.05565,43
2024-11-29 12:00:00,1.05564,1.05613,1.05564,1.05588,63
2024-11-29 12:01:00,1.05595,1.05608,1.05573,1.05575,45
2024-11-29 12:02:00,1.05575,1.0559,1.05571,1.05571,46
2024-11-29 12:03:00,1.05571,1.05582,1.05564,1.05582,53
2024-11-29 12:04:00,1.05579,1.05604,1.05565,1.05598,55
2024-11-29 12:05:00,1.05598,1.05625,1.05598,1.05617,49
2024-11-29 12:06:00,1.05616,1.0563,1.0561,1.05628,45
2024-11-29 12:07:00,1.05627,1.05645,1.05625,1.05638,33
2024-11-29 12:08:00,1.05644,1.05666,1.05644,1.05664,36
2024-11-29 12:09:00,1.05665,1.05674,1.05638,1.05638,42
2024-11-29 12:10:00,1.05635,1.05655,1.05635,1.05646,45
2024-11-29 12:11:00,1.05645,1.05657,1.05639,1.05641,31
2024-11-29 12:12:00,1.05641,1.05641,1.0561,1.05614,43
2024-11-29 12:13:00,1.05614,1.05621,1.0561,1.05615,40
2024-11-29 12:14:00,1.05617,1.05637,1.05613,1.05637,38
2024-11-29 12:15:00,1.05637,1.05655,1.05634,1.05636,44
2024-11-29 12:16:00,1.05638,1.05649,1.05632,1.05645,49
2024-11-29 12:17:00,1.05646,1.05654,1.05621,1.05622,42
2024-11-29 12:18:00,1.05619,1.05625,1.05614,1.05625,43
2024-11-29 12:19:00,1.05623,1.05626,1.05615,1.05626,45
2024-11-29 12:20:00,1.05626,1.05627,1.05606,1.05613,39
2024-11-29 12:21:00,1.05616,1.05637,1.05614,1.05636,49
2024-11-29 12:22:00,1.05636,1.05646,1.05625,1.05645,47
2024-11-29 12:23:00,1.05646,1.05666,1.05646,1.0566,35
2024-11-29 12:24:00,1.05659,1.05665,1.05644,1.05661,43
2024-11-29 12:25:00,1.0566,1.05664,1.05644,1.05658,43
2024-11-29 12:26:00,1.05658,1.05659,1.05635,1.05639,42
2024-11-29 12:27:00,1.05638,1.05661,1.05635,1.0565,44
2024-11-29 12:28:00,1.0565,1.05666,1.05645,1.05647,43
2024-11-29 12:29:00,1.05647,1.05647,1.05621,1.05644,44
2024-11-29 12:30:00,1.05643,1.05678,1.05638,1.0567,46
2024-11-29 12:31:00,1.0567,1.05691,1.05661,1.05691,57
2024-11-29 12:32:00,1.0569,1.05692,1.05669,1.05692,43
2024-11-29 12:33:00,1.05696,1.05716,1.05695,1.05707,59
2024-11-29 12:34:00,1.05707,1.05717,1.05695,1.0570599999999999,36
2024-11-29 12:35:00,1.0570599999999999,1.05731,1.05705,1.05708,60
2024-11-29 12:36:00,1.05708,1.05725,1.05704,1.05708,50
2024-11-29 12:37:00,1.0570599999999999,1.05721,1.05677,1.05677,55
2024-11-29 12:38:00,1.05681,1.05711,1.05681,1.0569,39
2024-11-29 12:39:00,1.05691,1.05691,1.0566,1.05675,41
2024-11-29 12:40:00,1.05673,1.05673,1.05619,1.0562,44
2024-11-29 12:41:00,1.0562,1.0562,1.05599,1.05609,38
2024-11-29 12:42:00,1.05609,1.05624,1.05584,1.0562,54
2024-11-29 12:43:00,1.0562,1.05631,1.05614,1.05625,27
2024-11-29 12:44:00,1.05624,1.05624,1.05589,1.05589,37
2024-11-29 12:45:00,1.05589,1.0561,1.05575,1.05589,48
2024-11-29 12:46:00,1.05589,1.056,1.05581,1.05581,48
2024-11-29 12:47:00,1.05581,1.05584,1.05571,1.05575,46
2024-11-29 12:48:00,1.05574,1.05594,1.05572,1.05589,36
2024-11-29 12:49:00,1.05588,1.05588,1.05574,1.05574,18
2024-11-29 12:50:00,1.05584,1.05592,1.05569,1.05589,27
2024-11-29 12:51:00,1.05588,1.05611,1.05576,1.05578,44
2024-11-29 12:52:00,1.05578,1.05611,1.05574,1.05611,47
2024-11-29 12:53:00,1.05611,1.05638,1.05611,1.05622,51
2024-11-29 12:54:00,1.05622,1.05624,1.05598,1.05602,33
2024-11-29 12:55:00,1.05602,1.0561,1.05587,1.0559,36
2024-11-29 12:56:00,1.05592,1.05609,1.05584,1.05598,42
2024-11-29 12:57:00,1.056,1.05637,1.05599,1.05637,42
2024-11-29 12:58:00,1.05638,1.05639,1.05624,1.05635,58
2024-11-29 12:59:00,1.05635,1.0565,1.05633,1.05645,50
2024-11-29 13:00:00,1.05644,1.05645,1.05618,1.05618,45
2024-11-29 13:01:00,1.05624,1.05639,1.05609,1.05635,53
2024-11-29 13:02:00,1.05635,1.05651,1.05629,1.05649,37
2024-11-29 13:03:00,1.0565,1.0565,1.05618,1.05629,39
2024-11-29 13:04:00,1.05629,1.05634,1.05604,1.05615,33
2024-11-29 13:05:00,1.05614,1.05623,1.05608,1.0561,45
2024-11-29 13:06:00,1.0561,1.05647,1.0561,1.0563,54
2024-11-29 13:07:00,1.05628,1.0564,1.05619,1.05636,36
2024-11-29 13:08:00,1.05638,1.05647,1.05633,1.05635,44
2024-11-29 13:09:00,1.05639,1.0564,1.05625,1.05628,31
2024-11-29 13:10:00,1.05629,1.05632,1.0562,1.0562,40
2024-11-29 13:11:00,1.05622,1.05625,1.05605,1.05605,34
2024-11-29 13:12:00,1.05605,1.05607,1.05569,1.05576,47
2024-11-29 13:13:00,1.05573,1.0558,1.05552,1.05552,43
2024-11-29 13:14:00,1.05553,1.05577,1.0555,1.05553,41
2024-11-29 13:15:00,1.05551,1.05567,1.0555,1.0556,43
2024-11-29 13:16:00,1.05559,1.05578,1.05559,1.05569,23
2024-11-29 13:17:00,1.05569,1.05599,1.05569,1.05581,42
2024-11-29 13:18:00,1.05579,1.056,1.05577,1.05593,46
2024-11-29 13:19:00,1.05591,1.05601,1.0557,1.05574,54
2024-11-29 13:20:00,1.05574,1.05574,1.05561,1.05562,51
2024-11-29 13:21:00,1.05563,1.05584,1.05563,1.05581,39
2024-11-29 13:22:00,1.05585,1.05586,1.0556,1.05575,37
2024-11-29 13:23:00,1.05575,1.05592,1.05574,1.0559,27
2024-11-29 13:24:00,1.05591,1.05606,1.05585,1.05605,39
2024-11-29 13:25:00,1.05605,1.05618,1.05601,1.05614,32
2024-11-29 13:26:00,1.05613,1.05614,1.05596,1.05605,33
2024-11-29 13:27:00,1.05604,1.05616,1.05603,1.05606,33
2024-11-29 13:28:00,1.05605,1.05605,1.05595,1.05601,33
2024-11-29 13:29:00,1.05602,1.05607,1.0559,1.05591,30
2024-11-29 13:30:00,1.05591,1.05591,1.05574,1.05586,41
2024-11-29 13:31:00,1.05586,1.05592,1.05565,1.05578,43
2024-11-29 13:32:00,1.05578,1.05592,1.05577,1.05581,34
2024-11-29 13:33:00,1.05581,1.05603,1.05581,1.05601,27
2024-11-29 13:34:00,1.05601,1.05619,1.05596,1.056,36
2024-11-29 13:35:00,1.05601,1.05601,1.05586,1.0559,35
2024-11-29 13:36:00,1.05589,1.05626,1.05586,1.05621,40
2024-11-29 13:37:00,1.05622,1.0563,1.05612,1.05626,27
2024-11-29 13:38:00,1.05625,1.0563,1.0562,1.05621,32
2024-11-29 13:39:00,1.0562,1.05637,1.0562,1.05636,30
2024-11-29 13:40:00,1.05637,1.05637,1.05619,1.05628,26
2024-11-29 13:41:00,1.05629,1.05636,1.05621,1.05628,31
2024-11-29 13:42:00,1.05629,1.05635,1.05626,1.05635,28
2024-11-29 13:43:00,1.05632,1.0564,1.05632,1.05638,16
2024-11-29 13:44:00,1.05636,1.05638,1.05626,1.05626,25
2024-11-29 13:45:00,1.05626,1.05631,1.05612,1.05629,36
2024-11-29 13:46:00,1.0563,1.05646,1.0563,1.05646,30
2024-11-29 13:47:00,1.0565,1.0567,1.05649,1.05664,31
2024-11-29 13:48:00,1.05665,1.05672,1.05664,1.05672,24
2024-11-29 13:49:00,1.05672,1.05676,1.05662,1.05664,36
2024-11-29 13:50:00,1.05663,1.05663,1.05638,1.0565,42
2024-11-29 13:51:00,1.0565,1.0566,1.05646,1.05651,35
2024-11-29 13:52:00,1.05651,1.05656,1.05649,1.05655,31
2024-11-29 13:53:00,1.05654,1.05655,1.05606,1.05606,38
2024-11-29 13:54:00,1.05606,1.0561,1.0559,1.05594,34
2024-11-29 13:55:00,1.05589,1.0561,1.05579,1.05596,45
2024-11-29 13:56:00,1.05596,1.05598,1.05583,1.05591,50
2024-11-29 13:57:00,1.05592,1.05609,1.05587,1.05592,38
2024-11-29 13:58:00,1.05589,1.05622,1.05589,1.05608,44
2024-11-29 13:59:00,1.05604,1.05627,1.05597,1.05624,51
2024-11-29 14:00:00,1.0563,1.0564,1.05603,1.05616,65
2024-11-29 14:01:00,1.05615,1.05628,1.05609,1.05625,51
2024-11-29 14:02:00,1.05625,1.05632,1.05614,1.05625,47
2024-11-29 14:03:00,1.05623,1.05642,1.05619,1.05635,47
2024-11-29 14:04:00,1.05635,1.05637,1.05624,1.05635,35
2024-11-29 14:05:00,1.05636,1.05646,1.0563,1.05646,40
2024-11-29 14:06:00,1.05647,1.05651,1.05628,1.05644,44
2024-11-29 14:07:00,1.05644,1.05645,1.05619,1.05622,46
2024-11-29 14:08:00,1.05623,1.05623,1.05604,1.05605,34
2024-11-29 14:09:00,1.05604,1.05616,1.05604,1.0561,38
2024-11-29 14:10:00,1.05609,1.0562,1.05605,1.05609,35
2024-11-29 14:11:00,1.05609,1.05617,1.05601,1.05601,31
2024-11-29 14:12:00,1.05602,1.05617,1.05597,1.05611,34
2024-11-29 14:13:00,1.05612,1.05612,1.05598,1.05601,39
2024-11-29 14:14:00,1.05601,1.0561,1.05599,1.056,35
2024-11-29 14:15:00,1.056,1.056,1.05576,1.0558,35
2024-11-29 14:16:00,1.0558,1.05585,1.0557,1.05585,32
2024-11-29 14:17:00,1.05585,1.05586,1.05551,1.05556,33
2024-11-29 14:18:00,1.05555,1.0557,1.05549,1.05563,49
2024-11-29 14:19:00,1.0556,1.0556,1.05515,1.05521,61
2024-11-29 14:20:00,1.0552,1.05527,1.05501,1.05524,46
2024-11-29 14:21:00,1.05524,1.05539,1.05523,1.05532,44
2024-11-29 14:22:00,1.05533,1.05533,1.05518,1.05525,51
2024-11-29 14:23:00,1.05524,1.05546,1.05522,1.05544,41
2024-11-29 14:24:00,1.05539,1.05539,1.05522,1.05522,37
2024-11-29 14:25:00,1.0552,1.0553,1.05504,1.0553,44
2024-11-29 14:26:00,1.05528,1.05539,1.05513,1.05514,50
2024-11-29 14:27:00,1.05514,1.05514,1.055,1.05509,46
2024-11-29 14:28:00,1.05509,1.05518,1.05499,1.05515,31
2024-11-29 14:29:00,1.05515,1.05526,1.0551,1.05515,30
2024-11-29 14:30:00,1.05514,1.05516,1.05499,1.05509,36
2024-11-29 14:31:00,1.0551,1.05519,1.05509,1.05515,40
2024-11-29 14:32:00,1.05516,1.05521,1.05504,1.05505,35
2024-11-29 14:33:00,1.05505,1.0552,1.05504,1.05519,35
2024-11-29 14:34:00,1.05519,1.05549,1.05519,1.05536,40
2024-11-29 14:35:00,1.05541,1.05562,1.05534,1.0556,38
2024-11-29 14:36:00,1.05559,1.05559,1.0554,1.0554,29
2024-11-29 14:37:00,1.0554,1.05554,1.0553,1.05546,38
2024-11-29 14:38:00,1.05545,1.05559,1.05544,1.0555,27
2024-11-29 14:39:00,1.05555,1.05561,1.05541,1.05541,38
2024-11-29 14:40:00,1.05541,1.05543,1.05529,1.0553,30
2024-11-29 14:41:00,1.0553,1.05542,1.05528,1.0554,37
2024-11-29 14:42:00,1.05538,1.05543,1.05529,1.05536,32
2024-11-29 14:43:00,1.05536,1.0555,1.05536,1.05542,39
2024-11-29 14:44:00,1.0554,1.05556,1.05528,1.05528,37
2024-11-29 14:45:00,1.05529,1.05529,1.05499,1.05502,41
2024-11-29 14:46:00,1.05501,1.0553,1.05501,1.05524,35
2024-11-29 14:47:00,1.05525,1.05528,1.05501,1.05503,34
2024-11-29 14:48:00,1.05503,1.05505,1.05486,1.05487,41
2024-11-29 14:49:00,1.05488,1.05504,1.05481,1.055,30
2024-11-29 14:50:00,1.055,1.05529,1.055,1.05515,41
2024-11-29 14:51:00,1.05514,1.05519,1.05502,1.05509,45
2024-11-29 14:52:00,1.05509,1.05524,1.05499,1.05518,36
2024-11-29 14:53:00,1.05519,1.05534,1.05509,1.05534,50
2024-11-29 14:54:00,1.05532,1.05542,1.05525,1.05527,51
2024-11-29 14:55:00,1.05529,1.05544,1.05521,1.05529,53
